,album_id,artist,album,track_id,title,spotify_id
28,5516756,Gene Chandler,Get Down,5516756_B3,Give Me The Cue,
77,1267938,The Dramatics,Any Time Any Place,1267938_A2,Bottom Line Woman,
78,1267938,The Dramatics,Any Time Any Place,1267938_A4,I Think About You,
79,1267938,The Dramatics,Any Time Any Place,1267938_A5,Get With The Band And Dance,
80,1267938,The Dramatics,Any Time Any Place,1267938_B1,Life Is Just A Playground,
81,1267938,The Dramatics,Any Time Any Place,1267938_B3,Stranger (In My Life),
82,1267938,The Dramatics,Any Time Any Place,1267938_B4,Love Birds,
83,1267938,The Dramatics,Any Time Any Place,1267938_B5,A Marriage On Paper Only,
205,403224,Eminem,The Eminem Show,403224_A4,Cleaning Out My Closet,
221,1684688,Popof,Head Cleaner,1684688_AA,Mr. Orange,
272,1638442,The Beatles,1,1638442_B3,Yesterday,
285,1638442,The Beatles,1,1638442_D3,Something,
287,1638442,The Beatles,1,1638442_D5,Let It Be,
370,23122910,Deas,System Theory EP,23122910_B2,Sytem Theory,
381,785034,Assassin,Perles Rares (1989-2002),785034_D4,Straight To The Top,
386,5385037,The Driver,The Wolves,5385037_A1,Wolves (Aubervilliers Mix) ,
444,23064170,W.LV.S,Guilty,23064170_A2,The Pit Feat. Louisahhh,
453,2233544,Bob Dylan,Before The Flood,2233544_B1,Up On Cripple Creek,
455,2233544,Bob Dylan,Before The Flood,2233544_B3,Endless Highway,
456,2233544,Bob Dylan,Before The Flood,2233544_B4,The Night They Drove Old Dixie Down,
457,2233544,Bob Dylan,Before The Flood,2233544_B5,Stage Fright,
459,2233544,Bob Dylan,Before The Flood,2233544_C5,When You Awake,
460,2233544,Bob Dylan,Before The Flood,2233544_C6,The Weight,
476,6224537,Led Zeppelin,Untitled,6224537_A2,Rock And Roll,
490,6224537,Led Zeppelin,Untitled,6224537_D4,When The Levee Breaks (Alternate U.K. Mix),
493,4873130,The Blues Brothers,Bande Originale Du Film The Blues Brothers,4873130_A4,Shake Your Tailfeather,
501,1864149,Sixties,For Your Love / Belem Nights,1864149_A,For Your Love,
502,1864149,Sixties,For Your Love / Belem Nights,1864149_B,Belem Nights,
519,531953,Boney M.,Take The Heat Off Me,531953_A4,"Help, Help",
523,8427088,Various,Vinyl: Music From The HBO Original Series Volume 1,8427088_A1,The World Is Yours,
524,8427088,Various,Vinyl: Music From The HBO Original Series Volume 1,8427088_A2,Personality Crisis,
525,8427088,Various,Vinyl: Music From The HBO Original Series Volume 1,8427088_A3,No Good,
526,8427088,Various,Vinyl: Music From The HBO Original Series Volume 1,8427088_A4,Sugar Daddy (Theme from Vinyl),
528,8427088,Various,Vinyl: Music From The HBO Original Series Volume 1,8427088_B6,Mr. Pitiful,
530,8427088,Various,Vinyl: Music From The HBO Original Series Volume 1,8427088_B8,All the Way from Memphis,
532,8427088,Various,Vinyl: Music From The HBO Original Series Volume 1,8427088_C10,I Like it Like That,
533,8427088,Various,Vinyl: Music From The HBO Original Series Volume 1,8427088_C11,Cha Cha Twist,
534,8427088,Various,Vinyl: Music From The HBO Original Series Volume 1,8427088_C13,Want Ads,
535,8427088,Various,Vinyl: Music From The HBO Original Series Volume 1,8427088_C14,Hand Clapping Song,
537,8427088,Various,Vinyl: Music From The HBO Original Series Volume 1,8427088_D17,Rotten Apple,
539,8427088,Various,Vinyl: Music From The HBO Original Series Volume 1,8427088_CD-1, \tThe World Is Yours,
540,8427088,Various,Vinyl: Music From The HBO Original Series Volume 1,8427088_CD-2,Personality Crisis,
541,8427088,Various,Vinyl: Music From The HBO Original Series Volume 1,8427088_CD-3,No Good,
542,8427088,Various,Vinyl: Music From The HBO Original Series Volume 1,8427088_CD-4,Sugar Daddy (Theme From Vinyl),
544,8427088,Various,Vinyl: Music From The HBO Original Series Volume 1,8427088_CD-6,Mr. Pitiful,
546,8427088,Various,Vinyl: Music From The HBO Original Series Volume 1,8427088_CD-8, \tAll The Way From Memphis,
548,8427088,Various,Vinyl: Music From The HBO Original Series Volume 1,8427088_CD-10,I Like It Like That,
549,8427088,Various,Vinyl: Music From The HBO Original Series Volume 1,8427088_CD-11,Cha Cha Twist,
550,8427088,Various,Vinyl: Music From The HBO Original Series Volume 1,8427088_CD-12,It’s Just Begun,
551,8427088,Various,Vinyl: Music From The HBO Original Series Volume 1,8427088_CD-13,Want Ads,
552,8427088,Various,Vinyl: Music From The HBO Original Series Volume 1,8427088_CD-14,Hand Clapping Song,
555,8427088,Various,Vinyl: Music From The HBO Original Series Volume 1,8427088_CD-17,Rotten Apple,
556,8427088,Various,Vinyl: Music From The HBO Original Series Volume 1,8427088_CD-18, \tI Just Want To Make Love To You ,
566,14748173,Black Pumas,Black Pumas,14748173_B5,Sweet Conversations,
571,2478369,No Artist,Bruits D'Eau Et Phénomènes Atmosphériques,2478369_A1,Orage,
572,2478369,No Artist,Bruits D'Eau Et Phénomènes Atmosphériques,2478369_A2,Coup De Tonnerre,
573,2478369,No Artist,Bruits D'Eau Et Phénomènes Atmosphériques,2478369_A3,Coup De Tonnerre,
574,2478369,No Artist,Bruits D'Eau Et Phénomènes Atmosphériques,2478369_A4,Coup De Tonnerre,
575,2478369,No Artist,Bruits D'Eau Et Phénomènes Atmosphériques,2478369_A5,Coup De Tonnerre,
576,2478369,No Artist,Bruits D'Eau Et Phénomènes Atmosphériques,2478369_A6,Coup De Tonnerre,
577,2478369,No Artist,Bruits D'Eau Et Phénomènes Atmosphériques,2478369_A7,Orage Dans Le Lointain,
578,2478369,No Artist,Bruits D'Eau Et Phénomènes Atmosphériques,2478369_A8,"Pluie Sur Une Surface En Toile, Éclaboussements, Utilisation Possible Comme De La Pluie En Forêt",
579,2478369,No Artist,Bruits D'Eau Et Phénomènes Atmosphériques,2478369_A9,"Grosse Pluie, Éclaboussements",
580,2478369,No Artist,Bruits D'Eau Et Phénomènes Atmosphériques,2478369_A11,Pluie Modérée,
581,2478369,No Artist,Bruits D'Eau Et Phénomènes Atmosphériques,2478369_A12,"Vent Léger, Gémissements Du Vent",
582,2478369,No Artist,Bruits D'Eau Et Phénomènes Atmosphériques,2478369_A13,Sifflements Du Vent,
583,2478369,No Artist,Bruits D'Eau Et Phénomènes Atmosphériques,2478369_B1,Chutes Du Shannon,
584,2478369,No Artist,Bruits D'Eau Et Phénomènes Atmosphériques,2478369_B2,Rapides,
585,2478369,No Artist,Bruits D'Eau Et Phénomènes Atmosphériques,2478369_B3,Rivières À Fort Courant,
586,2478369,No Artist,Bruits D'Eau Et Phénomènes Atmosphériques,2478369_B9,Personne Prenant Son Bain Dans Une Baignoire,
587,2478369,No Artist,Bruits D'Eau Et Phénomènes Atmosphériques,2478369_B10,Personne Sortant De La Baignoire,
588,2478369,No Artist,Bruits D'Eau Et Phénomènes Atmosphériques,2478369_B11,Bruits De Vidange,
589,2478369,No Artist,Bruits D'Eau Et Phénomènes Atmosphériques,2478369_B12,Clapotis Et Remous De Petites Vagues Sur Le Rivage,
590,2478369,No Artist,Bruits D'Eau Et Phénomènes Atmosphériques,2478369_B14,Petit Torrent Bouillonnant,
593,14482048,Jeff Mills,The Director's Cut Chapter 6,14482048_B2,The Homosapien Sapiens,
597,10112994,Notorious B.I.G.,Life After Death,10112994_B1,#!*@ You Tonight,
598,10112994,Notorious B.I.G.,Life After Death,10112994_B2,Last Day,
599,10112994,Notorious B.I.G.,Life After Death,10112994_B3,I Love The Dough,
601,10112994,Notorious B.I.G.,Life After Death,10112994_C2,Mo Money Mo Problems,
603,10112994,Notorious B.I.G.,Life After Death,10112994_C4,I Gotta Story To Tell,
611,10112994,Notorious B.I.G.,Life After Death,10112994_F1,The World Is Filled...,
612,10112994,Notorious B.I.G.,Life After Death,10112994_F2,My Downfall,
640,6443293,Jacques Brel,8 - Ne Me Quitte Pas,6443293_A2,Mareike,
651,2571424,Jacques Brel,Brel,2571424_A5,Les F...,
680,7939002,Noir Désir,Tostaky,7939002_B5,It Spurs,
682,11870158,Catl.,Bide My Time Until I Die...With An Angel On My Shoulder Lookin' Down From Up High,11870158_A1,Drive,
683,11870158,Catl.,Bide My Time Until I Die...With An Angel On My Shoulder Lookin' Down From Up High,11870158_A2,"Baby, You All Wrong",
685,11870158,Catl.,Bide My Time Until I Die...With An Angel On My Shoulder Lookin' Down From Up High,11870158_A4,Superfly Lady,
686,11870158,Catl.,Bide My Time Until I Die...With An Angel On My Shoulder Lookin' Down From Up High,11870158_A5,Sundown And Slow,
687,11870158,Catl.,Bide My Time Until I Die...With An Angel On My Shoulder Lookin' Down From Up High,11870158_B1,Do The Monkey Rat,
688,11870158,Catl.,Bide My Time Until I Die...With An Angel On My Shoulder Lookin' Down From Up High,11870158_B2,Misunderstand,
689,11870158,Catl.,Bide My Time Until I Die...With An Angel On My Shoulder Lookin' Down From Up High,11870158_B3,Hot Baked Cornbread And Spice,
690,11870158,Catl.,Bide My Time Until I Die...With An Angel On My Shoulder Lookin' Down From Up High,11870158_B5,Keys To The Kingdom,
770,1560796,Mr. Oizo,Lambs Anger,1560796_C3,Erreur Jean,
776,1460824,Timbaland & Magoo,Under Construction Part II,1460824_A1,Intro / Straight Outta Virginia,
777,1460824,Timbaland & Magoo,Under Construction Part II,1460824_A2,Cop That Shit,
778,1460824,Timbaland & Magoo,Under Construction Part II,1460824_A3,Shenanigans,
779,1460824,Timbaland & Magoo,Under Construction Part II,1460824_B3,Indian Flute,
781,1460824,Timbaland & Magoo,Under Construction Part II,1460824_C1,Naughty Eye,
784,1460824,Timbaland & Magoo,Under Construction Part II,1460824_C4,Insane,
786,1460824,Timbaland & Magoo,Under Construction Part II,1460824_D2,Hold Kutz,
795,23666705,Arnaud Rebotini,Music Components,23666705_D1,Decade Of Aggression,
797,27555195,Arnaud Rebotini,Youth!,27555195_A1,Youth.,
813,1083684,James Holden,A Break In The Clouds,1083684_A2,A Break In The Clouds (Fluffapella),
817,465692,Extrawelt,Soopertrack / Zu Fuss,465692_A2,Sooperfool Tool,
820,679554,Luke's Anger,Dead Like Elvis,679554_A1,Dead Like Elvis,
821,679554,Luke's Anger,Dead Like Elvis,679554_A2,Jerk Chicken,
822,679554,Luke's Anger,Dead Like Elvis,679554_B1,Yo Ass,
823,679554,Luke's Anger,Dead Like Elvis,679554_B2,Half Step,
830,664768,I-Robots,Frau,664768_A1,Frau (Boysnoize Remix),
832,664768,I-Robots,Frau,664768_B1,Frau (Kid Alex Minimal To Disco Mix),
833,664768,I-Robots,Frau,664768_B2,Frau (Accapella),
835,3315662,Boys Noize,The Remixes 2004-2011,3315662_A2,Personal Jesus (Boys Noize Rework),
836,3315662,Boys Noize,The Remixes 2004-2011,3315662_B1,Focker (Boys Noize Terror Re-Did),
837,3315662,Boys Noize,The Remixes 2004-2011,3315662_B2,Hot-N-Fun (Boys Noize Remix),
838,3315662,Boys Noize,The Remixes 2004-2011,3315662_B3,Sexual Eruption (Boys Noize Remix),
839,3315662,Boys Noize,The Remixes 2004-2011,3315662_C1,End Of Line (Boys Noize Remix),
840,3315662,Boys Noize,The Remixes 2004-2011,3315662_C2,Trick Pony (Boys Noize Remix),
841,3315662,Boys Noize,The Remixes 2004-2011,3315662_C3,Good Day Today (Boys Noize Remix),
842,3315662,Boys Noize,The Remixes 2004-2011,3315662_D1,Phantom Pt. II (Boys Noize Unreleased Turbine Remix),
843,3315662,Boys Noize,The Remixes 2004-2011,3315662_D2,Arcadia (Boys Noize Reprise),
852,971501,Paul Kalkbrenner,Altes Kamuffel / Ick Muss Aus Dit Milieu Heraus,971501_B,Ick Muss Aus Dit Milieu Heraus,
866,2830571,Michael Henderson,In The Night-Time,2830571_B3,"Yours Truly, Indiscreetly",
875,15395454,Caravan Palace,Caravan Palace,15395454_C2,Brother Swing,
905,7052101,Various,9½ Weeks - Original Motion Picture Soundtrack,7052101_A1,I Do What I Do... (Theme For 9½ Weeks),
906,7052101,Various,9½ Weeks - Original Motion Picture Soundtrack,7052101_A2,The Best Is Yet To Come,
908,7052101,Various,9½ Weeks - Original Motion Picture Soundtrack,7052101_A4,Black On Black,
909,7052101,Various,9½ Weeks - Original Motion Picture Soundtrack,7052101_A5,Eurasian Eyes,
911,7052101,Various,9½ Weeks - Original Motion Picture Soundtrack,7052101_B2,Bread And Butter,
912,7052101,Various,9½ Weeks - Original Motion Picture Soundtrack,7052101_B3,This City Never Sleeps,
913,7052101,Various,9½ Weeks - Original Motion Picture Soundtrack,7052101_B4,Cannes,
914,7052101,Various,9½ Weeks - Original Motion Picture Soundtrack,7052101_B5,Let It Go,
936,1107303,Giorgio Moroder,Midnight Express (Music From The Original Motion Picture Soundtrack),1107303_B1,Istanbul Blues (Vocal),
940,1107303,Giorgio Moroder,Midnight Express (Music From The Original Motion Picture Soundtrack),1107303_B5,(Theme From) Midnight Express (Vocal),
942,632014,Donna Summer,Love To Love You Baby,632014_B1,Virgin Mary,
953,2908188,Bob Dylan,Slow Train Coming,2908188_B4,Man Give Names To All The Animals,
961,742587,Bob Dylan,Greatest Hits,742587_B5,Rainy Day Women Nos. 12 & 35,
1011,8400159,Dee Nasty,Classique,8400159_B3,Rythm Addict Soul,
1012,8400159,Dee Nasty,Classique,8400159_C1,Shaka Zulu Scratch Warriorz,
1020,8400159,Dee Nasty,Classique,8400159_D5,I Go Back To Planet Zektar,
1021,763944,Various,16'30 Contre La Censure,763944_B2,Acapella,
1023,763969,Various,11'30 Contre Les Lois Racistes,763969_B2,A Capella,
1029,7856239,Zoufris Maracas,Prison Dorée,7856239_B2,Cogagne,
1068,1523897,Genesis,Nursery Cryme,1523897_B1,Seven Stones,
1069,1523897,Genesis,Nursery Cryme,1523897_B2,Harold The Barrel,
1073,1091333,Genesis,Trespass,1091333_A2,White Mountain,
1074,1091333,Genesis,Trespass,1091333_A3,Visions Of Angels,
1075,1091333,Genesis,Trespass,1091333_B1,Stagnation,
1076,1091333,Genesis,Trespass,1091333_B2,Dusk,
1079,3791256,Genesis,Foxtrot,3791256_A2,Time Table,
1080,3791256,Genesis,Foxtrot,3791256_A4,Can-utility And The Coastliners,
1081,3791256,Genesis,Foxtrot,3791256_B1,Horizons,
1082,3075342,Genesis,...And Then There Were Three…,3075342_A1,Down And Out,
1083,3075342,Genesis,...And Then There Were Three…,3075342_A2,Undertow,
1084,3075342,Genesis,...And Then There Were Three…,3075342_A3,Ballad Of Big,
1091,12225195,Various,The Scene Club - Ham Yard London 1963-66,12225195_A1,I Need Your Loving,
1092,12225195,Various,The Scene Club - Ham Yard London 1963-66,12225195_A2,Question,
1094,12225195,Various,The Scene Club - Ham Yard London 1963-66,12225195_A6,A Fool In Love,
1095,12225195,Various,The Scene Club - Ham Yard London 1963-66,12225195_A7,Iko Iko,
1098,12225195,Various,The Scene Club - Ham Yard London 1963-66,12225195_B2,Do-Re-Mi,
1099,12225195,Various,The Scene Club - Ham Yard London 1963-66,12225195_B3,Land Of 1000 Dances,
1100,12225195,Various,The Scene Club - Ham Yard London 1963-66,12225195_B4,Who Can I Run To,
1101,12225195,Various,The Scene Club - Ham Yard London 1963-66,12225195_B5,Mister Bang Bang Man,
1102,12225195,Various,The Scene Club - Ham Yard London 1963-66,12225195_B6,Oh Mom (Teach Me How To Uncle Willie),
1103,12225195,Various,The Scene Club - Ham Yard London 1963-66,12225195_B8,Go Now,
1117,11836199,Pyotr Ilyich Tchaikovsky,La Belle Au Bois Dormant,11836199_A1,N°1 Marche,
1118,11836199,Pyotr Ilyich Tchaikovsky,La Belle Au Bois Dormant,11836199_A3,N°6 Valse,
1119,11836199,Pyotr Ilyich Tchaikovsky,La Belle Au Bois Dormant,11836199_A4,N°7 Scène,
1120,11836199,Pyotr Ilyich Tchaikovsky,La Belle Au Bois Dormant,11836199_B1,N°22 Polacca,
1121,11836199,Pyotr Ilyich Tchaikovsky,La Belle Au Bois Dormant,11836199_B5,N°24 Pas De Caractère (Le Chat Botté Et La Chatte Blanche),
1122,11836199,Pyotr Ilyich Tchaikovsky,La Belle Au Bois Dormant,11836199_B9,N°26 Pas De Caractère (Chaperon Rouge Et Le Loup),
1123,11836199,Pyotr Ilyich Tchaikovsky,La Belle Au Bois Dormant,11836199_B13,N° 30 Finale : Apothéose,
1135,13451934,Kompromat,Traum Und Existenz,13451934_A5,Die Tausende Herbste,
1139,13451934,Kompromat,Traum Und Existenz,13451934_B4,Auf Immer Und Ewig,
1168,11285786,Fugees,The Score,11285786_A5,The Beast,
1200,1608644,Téléphone,Téléphone,1608644_A1,Anna,
1204,1608644,Téléphone,Téléphone,1608644_A5,Téléphomme,
1248,9300622,The Clash,The Clash,9300622_A7,Deny,
1250,9300622,The Clash,The Clash,9300622_B2,Cheat,
1256,14869326,Bon Entendeur,Aller - Retour,14869326_A2,Entrevue Optimisme,
1282,11947226,Nas,I Am...,11947226_A1,N.Y. State Of Mind Pt. II,
1296,4571916,Various,Immortal Masterpieces Of Classical Music - Tales And Legends,4571916_B1,The Sleeping Beauty,
1297,4571916,Various,Immortal Masterpieces Of Classical Music - Tales And Legends,4571916_C1,The Tales Of The Fair Melusina,
1298,4571916,Various,Immortal Masterpieces Of Classical Music - Tales And Legends,4571916_C2,Scheherazade (2nd Mvt.),
1299,4571916,Various,Immortal Masterpieces Of Classical Music - Tales And Legends,4571916_D1,Scheherazade (3rd Mvt.),
1300,4571916,Various,Immortal Masterpieces Of Classical Music - Tales And Legends,4571916_D2,Mazeppa,
1301,4390281,Various,The Jazz Story,4390281_A1,Bugle Boy March,
1302,4390281,Various,The Jazz Story,4390281_A2,"He Is My Rock, My Sword, My Shield",
1303,4390281,Various,The Jazz Story,4390281_A3,The Thriller Rag,
1306,4390281,Various,The Jazz Story,4390281_A6,Lagniappe,
1308,4390281,Various,The Jazz Story,4390281_A8,Milenberg Joys,
1311,4390281,Various,The Jazz Story,4390281_B5,Ole Miss,
1312,4390281,Various,The Jazz Story,4390281_B6,Qua-Ti Blues,
1314,4390281,Various,The Jazz Story,4390281_C3,Froggie Moore,
1316,4390281,Various,The Jazz Story,4390281_C6,Quiet Please,
1317,4390281,Various,The Jazz Story,4390281_D1,Sweet Marijuana Brown,
1318,4390281,Various,The Jazz Story,4390281_D2,Walking And Talking To Myself,
1319,4390281,Various,The Jazz Story,4390281_D3,Have You Ever Felt This Way ?,
1322,4390281,Various,The Jazz Story,4390281_E1,Big Butter And Egg Man,
1326,4390281,Various,The Jazz Story,4390281_E6,Jelly Roll Blues,
1327,4390281,Various,The Jazz Story,4390281_F3,Chimes Blues,
1329,4390281,Various,The Jazz Story,4390281_F5,Stuyvesant Blues,
1331,4390281,Various,The Jazz Story,4390281_G1,Sugarfoot Stomp,
1339,4390281,Various,The Jazz Story,4390281_I5,Fire And Mellow,
1340,4390281,Various,The Jazz Story,4390281_I6,Happy Medium,
1341,4390281,Various,The Jazz Story,4390281_J1,Avalon,
1342,4390281,Various,The Jazz Story,4390281_J2,Suspicion Blues,
1343,4390281,Various,The Jazz Story,4390281_J3,I Know That You Know,
1344,4390281,Various,The Jazz Story,4390281_J4,Love You Funny Thing,
1345,4390281,Various,The Jazz Story,4390281_K1,Hallelujah,
1346,4390281,Various,The Jazz Story,4390281_K2,Cool Blues,
1348,4390281,Various,The Jazz Story,4390281_K4,Round Midnight,
1350,4390281,Various,The Jazz Story,4390281_K7,Confirmation,
1351,4390281,Various,The Jazz Story,4390281_K8,Ornithology,
1352,4390281,Various,The Jazz Story,4390281_L1,Slam Slam Blues,
1354,4390281,Various,The Jazz Story,4390281_L5,Bird Feathers,
1355,4390281,Various,The Jazz Story,4390281_L7,Move,
1357,4390281,Various,The Jazz Story,4390281_M2,Bikini,
1358,4390281,Various,The Jazz Story,4390281_M3,Woodchoppers Holiday,
1359,4390281,Various,The Jazz Story,4390281_M5,Mischievous Lady,
1361,4390281,Various,The Jazz Story,4390281_N1,Midgets,
1362,4390281,Various,The Jazz Story,4390281_N2,Stop-Time Blues,
1363,4390281,Various,The Jazz Story,4390281_N3,Curbstone,
1364,4390281,Various,The Jazz Story,4390281_N4,The Chase,
1365,4390281,Various,The Jazz Story,4390281_N5,Strictly Instrumental,
1366,4390281,Various,The Jazz Story,4390281_O1,Dog My Cats,
1367,4390281,Various,The Jazz Story,4390281_O3,Speak Low,
1368,4390281,Various,The Jazz Story,4390281_O4,Rosalie,
1369,4390281,Various,The Jazz Story,4390281_P1,Caravan,
1370,4390281,Various,The Jazz Story,4390281_P3,All Of You,
1371,4390281,Various,The Jazz Story,4390281_P4,Mistry,
1372,4390281,Various,The Jazz Story,4390281_P5,Broadway,
1373,4390281,Various,The Jazz Story,4390281_Q2,Hershey Bar,
1374,4390281,Various,The Jazz Story,4390281_Q3,Francy Pants,
1375,4390281,Various,The Jazz Story,4390281_Q4,Loose Walk,
1376,4390281,Various,The Jazz Story,4390281_Q5,When The Blues Come On,
1377,4390281,Various,The Jazz Story,4390281_R1,Bop City,
1378,4390281,Various,The Jazz Story,4390281_R2,How Do I Love You,
1379,4390281,Various,The Jazz Story,4390281_R3,Indian Blanket,
1380,4390281,Various,The Jazz Story,4390281_R4,Pink Satin,
1381,4390281,Various,The Jazz Story,4390281_R5,Mosquito Knees,
1382,4390281,Various,The Jazz Story,4390281_R6,Villa Zazz,
1383,4390281,Various,The Jazz Story,4390281_S1,Loose Wig,
1384,4390281,Various,The Jazz Story,4390281_S2,Like Someone In Love,
1385,4390281,Various,The Jazz Story,4390281_S3,Stallion,
1386,4390281,Various,The Jazz Story,4390281_S4,Trilogy Pogo,
1388,4390281,Various,The Jazz Story,4390281_T2,Sonnymoon For Two,
1389,4390281,Various,The Jazz Story,4390281_T4,Thrice Upon A Time,
1401,2407452,Various,Woodstock - Music From The Original Soundtrack And More,2407452_A2,Going Up The Country,
1402,2407452,Various,Woodstock - Music From The Original Soundtrack And More,2407452_A3-1,Stage Announcements,
1403,2407452,Various,Woodstock - Music From The Original Soundtrack And More,2407452_A3-2,Freedom,
1404,2407452,Various,Woodstock - Music From The Original Soundtrack And More,2407452_A4,Rock & Soul Music,
1405,2407452,Various,Woodstock - Music From The Original Soundtrack And More,2407452_A5,Coming Into Los Angeles,
1406,2407452,Various,Woodstock - Music From The Original Soundtrack And More,2407452_A6,At The Hop,
1407,2407452,Various,Woodstock - Music From The Original Soundtrack And More,2407452_B3,Joe Hill,
1408,2407452,Various,Woodstock - Music From The Original Soundtrack And More,2407452_B4-1,Stage Announcements,
1409,2407452,Various,Woodstock - Music From The Original Soundtrack And More,2407452_B4-2,Suite: Judy Blue Eyes,
1410,2407452,Various,Woodstock - Music From The Original Soundtrack And More,2407452_B5,Sea Of Madness,
1411,2407452,Various,Woodstock - Music From The Original Soundtrack And More,2407452_C1,Wooden Ships,
1412,2407452,Various,Woodstock - Music From The Original Soundtrack And More,2407452_C3-1,Stage Announcements,
1414,2407452,Various,Woodstock - Music From The Original Soundtrack And More,2407452_C3-3,"Rainstorm, Crowd Sounds, Announcements & General Hysteria",
1415,2407452,Various,Woodstock - Music From The Original Soundtrack And More,2407452_D1-1,Crowd Rain Chant,
1417,2407452,Various,Woodstock - Music From The Original Soundtrack And More,2407452_D2-1,Stage Announcements,
1418,2407452,Various,Woodstock - Music From The Original Soundtrack And More,2407452_E1,Volunteers,
1419,2407452,Various,Woodstock - Music From The Original Soundtrack And More,2407452_E2-1,Max Yasgur,
1420,2407452,Various,Woodstock - Music From The Original Soundtrack And More,2407452_E2-2,Medley: Dance To The Music,
1421,2407452,Various,Woodstock - Music From The Original Soundtrack And More,2407452_E2-3,Music Lover,
1422,2407452,Various,Woodstock - Music From The Original Soundtrack And More,2407452_E2-4,I Want To Take You Higher,
1423,2407452,Various,Woodstock - Music From The Original Soundtrack And More,2407452_E3,Rainbows All Over Your Blues,
1424,2407452,Various,Woodstock - Music From The Original Soundtrack And More,2407452_F1,Love March,
1426,2407452,Various,Woodstock - Music From The Original Soundtrack And More,2407452_F2-2,Purple Haze & Instrumental Solo,
1440,3999209,Various,Ma 6-T Va Crack-er,3999209_B2,Ma Té-Ci Va Ké-Kra,
1450,379677,The Producers,Hard You,379677_B2,Cowie,
1478,15702697,Boys Noize,Mvinline,15702697_B1,Mvinline Svn,
1479,15702697,Boys Noize,Mvinline,15702697_B2,Tomfvm,
1488,1779143,Giuseppe Verdi,Requiem,1779143_A1,No 1 Requiem,
1492,1779143,Giuseppe Verdi,Requiem,1779143_Ba,Quid Sum Miser Tunc Dicturus,
1498,1779143,Giuseppe Verdi,Requiem,1779143_C1,No3 Offertorio,
1499,1779143,Giuseppe Verdi,Requiem,1779143_C2,No 4 Sanctus,
1501,1779143,Giuseppe Verdi,Requiem,1779143_D1, No 6 Lux Eterna,
1502,1779143,Giuseppe Verdi,Requiem,1779143_D2,No 7 Libera Me,
1507,11449081,Fritz Kalkbrenner,Drown ,11449081_B2,Down,
1516,439617,Vitalic,OK Cowboy,439617_A2,Poney Part 1,
1522,439617,Vitalic,OK Cowboy,439617_C2,Poney Part 2,
1543,1545053,Puppetmastaz,The Takeover,1545053_A3,So Scandalous,
1544,1545053,Puppetmastaz,The Takeover,1545053_A4,Mephistopheles,
1545,1545053,Puppetmastaz,The Takeover,1545053_A5,Skit 1 The Hypeconcept,
1546,1545053,Puppetmastaz,The Takeover,1545053_A6,Reservoir Foxin,
1547,1545053,Puppetmastaz,The Takeover,1545053_B1,Spellbound Room 18,
1548,1545053,Puppetmastaz,The Takeover,1545053_B2,Exercize,
1549,1545053,Puppetmastaz,The Takeover,1545053_B3,Tropical Feed,
1550,1545053,Puppetmastaz,The Takeover,1545053_B4,Animals,
1551,1545053,Puppetmastaz,The Takeover,1545053_B5,Skit 2 The Speech,
1552,1545053,Puppetmastaz,The Takeover,1545053_C1,Grown To The Max,
1553,1545053,Puppetmastaz,The Takeover,1545053_C2,Permission To Freak,
1554,1545053,Puppetmastaz,The Takeover,1545053_C3,Skit 3 Quadrupel,
1555,1545053,Puppetmastaz,The Takeover,1545053_C4,We Get On It,
1556,1545053,Puppetmastaz,The Takeover,1545053_C5,Primeministaz Of Puppetry,
1557,1545053,Puppetmastaz,The Takeover,1545053_C6,Skit 4 For The Mega Malocko Plus Unit,
1558,1545053,Puppetmastaz,The Takeover,1545053_D1,Boots On The Ground,
1559,1545053,Puppetmastaz,The Takeover,1545053_D2,Hallucinate,
1560,1545053,Puppetmastaz,The Takeover,1545053_D3,Puppets On The Moon,
1561,1545053,Puppetmastaz,The Takeover,1545053_D4,Skit 5 Maloke On The Keyboard,
1562,1545053,Puppetmastaz,The Takeover,1545053_D5,Meet The Fablez,
1565,5299414,Jean-Michel Jarre,Equinoxe,5299414_A3,Equinoxe Part 3,
1568,5299414,Jean-Michel Jarre,Equinoxe,5299414_B2,Equinoxe Part 6,
1569,5299414,Jean-Michel Jarre,Equinoxe,5299414_B3,Equinoxe Part 7,
1570,5299414,Jean-Michel Jarre,Equinoxe,5299414_B4,Equinoxe Part 8,
1571,8577408,The Golden Gate Quartet,Vol.1 - Concert En Eglise / Negro Spirituals,8577408_A,Introduction,
1575,8577408,The Golden Gate Quartet,Vol.1 - Concert En Eglise / Negro Spirituals,8577408_A4,Hard Trials And Great Tribulations,
1577,8577408,The Golden Gate Quartet,Vol.1 - Concert En Eglise / Negro Spirituals,8577408_A6,Only Believe,
1581,8577408,The Golden Gate Quartet,Vol.1 - Concert En Eglise / Negro Spirituals,8577408_B6,When The Saints... Go Mzrching In,
1582,8577408,The Golden Gate Quartet,Vol.1 - Concert En Eglise / Negro Spirituals,8577408_B7,Final,
1584,1978161,Various,Une Histoire Des Géants Du Jazz,1978161_A3,Black Brown And White,
1586,1978161,Various,Une Histoire Des Géants Du Jazz,1978161_A5,Mood Indigo,
1587,1978161,Various,Une Histoire Des Géants Du Jazz,1978161_A6,The Blues Is Everywhere,
1588,1978161,Various,Une Histoire Des Géants Du Jazz,1978161_B3,Premier Bal,
1589,1978161,Various,Une Histoire Des Géants Du Jazz,1978161_B4,Perdido,
1590,1978161,Various,Une Histoire Des Géants Du Jazz,1978161_B5,Boogie Woogie On Saint Louis Blues,
1591,1978161,Various,Une Histoire Des Géants Du Jazz,1978161_B6,Drum Face,
1592,1978161,Various,Une Histoire Des Géants Du Jazz,1978161_C1,The Champ,
1597,1978161,Various,Une Histoire Des Géants Du Jazz,1978161_D2,Une Petite Laitue,
1599,1978161,Various,Une Histoire Des Géants Du Jazz,1978161_D5,Blue And Brown,
1601,2886601,Black Orchid,Wonderlicks (A Medley),2886601_B1,The Sweetest Song In The World,
1602,2886601,Black Orchid,Wonderlicks (A Medley),2886601_B2,Because I Believe,
1607,24526262,Stupeflip,Stup Forever,24526262_A5,Joël’s Addiction,
1609,24526262,Stupeflip,Stup Forever,24526262_B1,7ème Sinode,
1639,14660129,DJ Anna,Galactic Highways,14660129_A1,Galactic Highways,
1659,20024266,Laurent Garnier, Off The Record Soundtrack,20024266_A1,Pandore,
1660,20024266,Laurent Garnier, Off The Record Soundtrack,20024266_A2,Our Futur (Loud Disco Mix),
1661,20024266,Laurent Garnier, Off The Record Soundtrack,20024266_A3,Brest,
1662,20024266,Laurent Garnier, Off The Record Soundtrack,20024266_B1,Silvery Sounds,
1663,20024266,Laurent Garnier, Off The Record Soundtrack,20024266_B2,Promise Land,
1666,20024266,Laurent Garnier, Off The Record Soundtrack,20024266_C2,Moaning About Technology,
1667,20024266,Laurent Garnier, Off The Record Soundtrack,20024266_C3,Motorizzati Marie,
1668,20024266,Laurent Garnier, Off The Record Soundtrack,20024266_D1,Léviathan,
1669,20024266,Laurent Garnier, Off The Record Soundtrack,20024266_D2,Sleep Wake Cycles,
1670,20024266,Laurent Garnier, Off The Record Soundtrack,20024266_D3,Tbilissi,
1671,3550070,Laurent Garnier,Timeless EP,3550070_A,Jacques In The Box,
1672,3550070,Laurent Garnier,Timeless EP,3550070_1,Our Futur (Loud Disco Mix),
1707,873510,Various,Electrochoc Sampler04,873510_B1,Staxhouse,
1708,873510,Various,Electrochoc Sampler04,873510_B2,Pecan,
1709,1330137,Various,Electrochoc Sampler05 - Gold Edition,1330137_A1,Can You Relate,
1710,1330137,Various,Electrochoc Sampler05 - Gold Edition,1330137_A2,Air Conditionné,
1711,1330137,Various,Electrochoc Sampler05 - Gold Edition,1330137_B1,O Zibaldone (Popof Remix),
1712,1330137,Various,Electrochoc Sampler05 - Gold Edition,1330137_B2,Emulate,
1713,1760809,Various,Electrochoc Sampler 007 Gold Edition Vol.2,1760809_A1,The Sky Was Pink (Holden Remix),
1714,1760809,Various,Electrochoc Sampler 007 Gold Edition Vol.2,1760809_B1,Soopertrack,
1715,1760809,Various,Electrochoc Sampler 007 Gold Edition Vol.2,1760809_B2,Gazebo,
1775,1788495,Queen,A Kind Of Magic,1788495_A,A Kind Of Magic (Extended Version),
1776,1788495,Queen,A Kind Of Magic,1788495_B,A Dozen Red Roses For My Darling (Extended Version),
1777,6653271,Ludwig van Beethoven,"Konzert Für Klavier, Violine, Violoncello Und Orchester C-Dur Op. 56 ""Tripelkonzert""",6653271_A1,Allegro,
1778,6653271,Ludwig van Beethoven,"Konzert Für Klavier, Violine, Violoncello Und Orchester C-Dur Op. 56 ""Tripelkonzert""",6653271_B1,Largo,
1779,6653271,Ludwig van Beethoven,"Konzert Für Klavier, Violine, Violoncello Und Orchester C-Dur Op. 56 ""Tripelkonzert""",6653271_B2,Rondo Alla Polacca,
1787,305629,Felix Da Housecat,Rocket Ride,305629_A,Rocket Ride (Soulwax - Rock It Right Mix),
1788,305629,Felix Da Housecat,Rocket Ride,305629_B,Rocket Ride (Rude Photo Rude Mix),
1789,14503878,Various,The Sound Of Rennes Volume 01,14503878_A1,3615 Enjoy,
1790,14503878,Various,The Sound Of Rennes Volume 01,14503878_A2,BRLN,
1791,14503878,Various,The Sound Of Rennes Volume 01,14503878_A3,Sentier Battu Pt1,
1792,14503878,Various,The Sound Of Rennes Volume 01,14503878_B1,On And On,
1793,14503878,Various,The Sound Of Rennes Volume 01,14503878_B2,Memento,
1794,14503878,Various,The Sound Of Rennes Volume 01,14503878_B3,La France,
1795,14503878,Various,The Sound Of Rennes Volume 01,14503878_C1,Jazz With Me,
1796,14503878,Various,The Sound Of Rennes Volume 01,14503878_C2,I Want Go Out,
1797,14503878,Various,The Sound Of Rennes Volume 01,14503878_C3,Blues,
1798,14503878,Various,The Sound Of Rennes Volume 01,14503878_D1,Keep The Faith,
1799,14503878,Various,The Sound Of Rennes Volume 01,14503878_D2,Until It Collapses,
1800,14503878,Various,The Sound Of Rennes Volume 01,14503878_D3,Loop Of Time,
1801,10629222,Various,Special Edition Acid Vol.01,10629222_A1,Venus,
1802,10629222,Various,Special Edition Acid Vol.01,10629222_A2,"House Music, Acid",
1803,10629222,Various,Special Edition Acid Vol.01,10629222_B1,Enjoy Acid,
1805,11856992,Various,Sampler Purple,11856992_A2,KKEIA,
1806,11856992,Various,Sampler Purple,11856992_B1,The Summer Jam,
1807,11856992,Various,Sampler Purple,11856992_B2,Phellas,
1808,12176725,Various,Sampler Orange,12176725_A1,Orange Juice,
1810,12176725,Various,Sampler Orange,12176725_B1,Oh Yeah,
1811,12176725,Various,Sampler Orange,12176725_B2,F*ck You Later,
1812,12731786,Various,Sampler Red,12731786_A1,Breizh Connection,
1813,12731786,Various,Sampler Red,12731786_A2,Settle For Love,
1815,12731786,Various,Sampler Red,12731786_B2,Eden,
1816,15504561,Various,Sampler Mauve,15504561_A2,Pozboz,
1817,15504561,Various,Sampler Mauve,15504561_B1,Hot Summer,
1818,15504561,Various,Sampler Mauve,15504561_B2,Mad Deep,
1838,1985841,The Isley Brothers,Showdown,1985841_A1,Showdown (Part 1 & 2),
1840,1985841,The Isley Brothers,Showdown,1985841_B1,Take Me To The Next Phase (Part 1 & 2),
1842,1985841,The Isley Brothers,Showdown,1985841_B4,Love Fever (Part 1 & 2),
1845,614929,Suprême NTM,Le Clash: BOSS Vs IV My People (Round 2),614929_A3,Seine Saint Denis Style (IV My People Remix A Cappella),
1848,614929,Suprême NTM,Le Clash: BOSS Vs IV My People (Round 2),614929_B3,Qui Paiera Les Dégâts? (IV My People Remix A Cappella),
1867,5519989,Suprême NTM,Paris Sous Les Bombes,5519989_C4,Qui Paiera Les Dégats (Remix Dj Clyde),
1873,5519989,Suprême NTM,Paris Sous Les Bombes,5519989_D5,Come Again 2 (Remix),
1879,5526678,Suprême NTM,Suprême NTM,5526678_B 03,Ma Benz,
1880,5526678,Suprême NTM,Suprême NTM,5526678_B 04,On Est Encore La (I),
1885,5526678,Suprême NTM,Suprême NTM,5526678_D 02,On Est Encore La (II),
1905,6544139,Stupeflip,Terrora !!,6544139_B2,Visions,
1915,9919327,Stupeflip,Stup Virus,9919327_B3,Des Nouvelles De Pop-Hip,
1926,9919327,Stupeflip,Stup Virus,9919327_D3,Tales From The Crou,
1927,9919327,Stupeflip,Stup Virus,9919327_D4,Fan 2 Stup,
1932,4012903,Stupeflip,Stup Religion,4012903_A5,Mon Style En Crrr,
1948,3672188,Stupeflip,Stupeflip,3672188_A6,Explication N° 1,
1956,3672188,Stupeflip,Stupeflip,3672188_C3,Création De La Deuxième Ère Du Stup,
1982,3131749,Stupeflip,The Hypnoflip Invasion,3131749_D4,Cold World,
1983,2746914,Various,"Summer Disco Vol. 4 ""Walking On Music""",2746914_A1,Walking On Music,
1984,2746914,Various,"Summer Disco Vol. 4 ""Walking On Music""",2746914_A2,Fashion Pack,
1985,2746914,Various,"Summer Disco Vol. 4 ""Walking On Music""",2746914_A3,Red Hot,
1986,2746914,Various,"Summer Disco Vol. 4 ""Walking On Music""",2746914_A4,Genghis Khan,
1987,2746914,Various,"Summer Disco Vol. 4 ""Walking On Music""",2746914_B1,Saint Tropez,
1988,2746914,Various,"Summer Disco Vol. 4 ""Walking On Music""",2746914_B2,Amore No,
1989,2746914,Various,"Summer Disco Vol. 4 ""Walking On Music""",2746914_B3,Gimme Back My Love Affair,
1990,69643,Koenig Cylinders,NinetyNine.Nine - The Remixes,69643_A,NinetyNine.Nine (Radar Remix),
1991,69643,Koenig Cylinders,NinetyNine.Nine - The Remixes,69643_B,NinetyNine.Nine (The Horrorist 2002 Remix),
1992,69643,Koenig Cylinders,NinetyNine.Nine - The Remixes,69643_C,NinetyNine.Nine (Lenny Dee & Andy Throup Retro Tek Remix),
1993,69643,Koenig Cylinders,NinetyNine.Nine - The Remixes,69643_D,NinetyNine.Nine (Selway Remix),
2012,4180576,St Germain,Boulevard (The Complete Series),4180576_A2,Thank U Mum (4 Everything You Did),
2031,2447855,Paradise Express,You Set Me On Fire,2447855_B,We Are One,
2037,87694,Sylvester,Step II,87694_B3,Was It Something That I Said,
2040,15734481,Various,Five Years Fckng Serious,15734481_A2,Schattenmönch,
2042,15734481,Various,Five Years Fckng Serious,15734481_B2,Always Mine,
2045,126078,Southsoniks,Affirmative Action,126078_A,Affirmative Action,
2046,126078,Southsoniks,Affirmative Action,126078_B1,And Look Around,
2047,126078,Southsoniks,Affirmative Action,126078_B2,Mesa Bene,
2048,2757407,Mikael Jonasson,Random Diversity,2757407_A,Random Diversity,
2049,2757407,Mikael Jonasson,Random Diversity,2757407_B,Tussilago,
2058,130880,"Tolga ""Flim Flam"" Balkan",Shall We Do It Again  (Yeah! Yeah!),130880_B,Beat It (Again And Again) (Kut Master Shokk),
2059,5033042,Unknown Artist,Florence & Tito,5033042_A1,Florence,
2060,5033042,Unknown Artist,Florence & Tito,5033042_A2,Tito,
2062,12368534,Unknown Artist,Pete Dusty,12368534_A2,Dusty,
2064,19767115,Unknown Artist,Bette / Music,19767115_B,Music,
2065,10416631,Various,Reformers,10416631_A1,Chrome (Popof Remix),
2066,10416631,Various,Reformers,10416631_A2,Shadow Tactics,
2067,10416631,Various,Reformers,10416631_B1, Midi,
2068,10416631,Various,Reformers,10416631_B2,Slush Fund,
2069,13071987,Various,Reformers Vol. 2,13071987_A1,Bowo,
2070,13071987,Various,Reformers Vol. 2,13071987_A2,Quest Chain,
2071,13071987,Various,Reformers Vol. 2,13071987_B1,Mantis (Metodi Hristov Remix),
2072,13071987,Various,Reformers Vol. 2,13071987_B2,Seth  ,
2093,16483569,Gregory Isaacs,The Best Of Gregory Isaacs,16483569_A4,Double Attack,
2136,10590047,Various,Super Secret Squirrel Trax Vol.3,10590047_A2,Funkosphere,
2137,10590047,Various,Super Secret Squirrel Trax Vol.3,10590047_B1,State Of Affairs,
2138,10590047,Various,Super Secret Squirrel Trax Vol.3,10590047_B2,Saturday,
2171,370242,Deep Purple,In Rock,370242_A2,Bloodsucker,
2179,4139318,Pink Floyd,Masters Of Rock,4139318_A2,Mathilda Mother,
2181,4139318,Pink Floyd,Masters Of Rock,4139318_A4,Candy And A Current Bun,
2183,4139318,Pink Floyd,Masters Of Rock,4139318_B1,Apples And Oranges,
2184,4139318,Pink Floyd,Masters Of Rock,4139318_B2,It Would Be So Nice,
2185,4139318,Pink Floyd,Masters Of Rock,4139318_B3,Paint Box,
2212,2605086,Marc Romboy,616 Seconds,2605086_A,616 Seconds (Original Mix),
2242,8263569,Ocean Wisdom,Chaos 93',8263569_C10,O Kiddie K,
2257,11655360,Ocean Wisdom,Wizville,11655360_B3,Burning Bridges,
2268,1733595,Orlando Julius,Disco Hi-Life,1733595_A1,Disco Hi-Life (Original 1979 Version),
2269,1733595,Orlando Julius,Disco Hi-Life,1733595_B1,Disco Hi-Life (Percussion 2009 Edit),
2270,1733595,Orlando Julius,Disco Hi-Life,1733595_B2,Bonus Beat,
2283,13893650,Hybrasil,Calculator Ep,13893650_B1,Calculator Feat. David Griffin,
2286,409141,Tom Pooks,Went Went,409141_A2,Brand Nu Shoes,
2301,23500253,French 79,The Unreal Story Of Lou Reed,23500253_A4,Delmore Schwarz,
2317,616377,Hell,My Definition Of House Pt. 3,616377_AA,Reach Up To Mars,
2318,1214474,Leksa,OCTO BEAT Vol.1 Scratch Of Fury,1214474_A1,Intro,
2319,1214474,Leksa,OCTO BEAT Vol.1 Scratch Of Fury,1214474_A2,Classics Hip Hop Sounds,
2320,1214474,Leksa,OCTO BEAT Vol.1 Scratch Of Fury,1214474_A4,Crazy T.V Sounds,
2321,1214474,Leksa,OCTO BEAT Vol.1 Scratch Of Fury,1214474_A5,Dimension Break,
2322,1214474,Leksa,OCTO BEAT Vol.1 Scratch Of Fury,1214474_A6,Fantastics Sounds,
2323,1214474,Leksa,OCTO BEAT Vol.1 Scratch Of Fury,1214474_A7,X.Break.Files,
2324,1214474,Leksa,OCTO BEAT Vol.1 Scratch Of Fury,1214474_B2,Back To The Temple Of The Rythm Fu,
2325,1214474,Leksa,OCTO BEAT Vol.1 Scratch Of Fury,1214474_B3,Classics Movies Sounds,
2326,1214474,Leksa,OCTO BEAT Vol.1 Scratch Of Fury,1214474_B5,Police Sounds,
2327,1214474,Leksa,OCTO BEAT Vol.1 Scratch Of Fury,1214474_B7,Outro,
2328,1984919,Leksa,Octo Beat Vol 7 Gangster Movies Punchline,1984919_A1,Married To The MOB,
2329,1984919,Leksa,Octo Beat Vol 7 Gangster Movies Punchline,1984919_A2,A Very British Hustler Session,
2330,1984919,Leksa,Octo Beat Vol 7 Gangster Movies Punchline,1984919_A4,Eastwood Dirty Sentences,
2331,1984919,Leksa,Octo Beat Vol 7 Gangster Movies Punchline,1984919_B1,La Bande A Michel,
2332,1984919,Leksa,Octo Beat Vol 7 Gangster Movies Punchline,1984919_B2,French Touch,
2333,1984919,Leksa,Octo Beat Vol 7 Gangster Movies Punchline,1984919_B3,Criminal Minded,
2364,1867122,Various,Musiques Figurant Dans Le Film Excalibur Et Autres Sélections,1867122_A2,"O Fortuna From ""Carmina Burana"" (Fortuna Imperatrix Mundi)",
2365,1867122,Various,Musiques Figurant Dans Le Film Excalibur Et Autres Sélections,1867122_A3,"Prelude ""Tristan And Isolde""",
2366,1867122,Various,Musiques Figurant Dans Le Film Excalibur Et Autres Sélections,1867122_B1,"Prelude Act III ""Lohengrin""",
2367,1867122,Various,Musiques Figurant Dans Le Film Excalibur Et Autres Sélections,1867122_B2,"Prelude Act I ""Parsifal""",
2368,1867122,Various,Musiques Figurant Dans Le Film Excalibur Et Autres Sélections,1867122_B3,"Reprise O Fortuna From ""Carmina Burana"" (Fortuna Imperatrix Mundi)",
2369,1867122,Various,Musiques Figurant Dans Le Film Excalibur Et Autres Sélections,1867122_B4,"Rides Of The Valkyries (Prelude To Act III ""Die Walkure"")",
2390,15134734,Dusty Kid,A Raver's Diary,15134734_A2,The Underground Persistence,
2400,10350091,JANICE,JANICE3,10350091_A1,Untitled,
2401,10350091,JANICE,JANICE3,10350091_B1,Untitled,
2402,10350091,JANICE,JANICE3,10350091_B2,Untitled,
2436,2392120,Ez3kiel,Handle With Care,2392120_D2,Salystoar,
2440,6172657,High Tone,Acid Dub Nucleik,6172657_A3,Do Be Dub Addict (Sterming Jungle),
2448,212681,Various,The JDC Mixer Volume 6,212681_A.1,Soft Cafe (Instrumental),
2449,212681,Various,The JDC Mixer Volume 6,212681_A.2,Tequila,
2450,212681,Various,The JDC Mixer Volume 6,212681_A.3,Too Tuff To Cry,
2451,212681,Various,The JDC Mixer Volume 6,212681_A.4,Eat You Up,
2453,212681,Various,The JDC Mixer Volume 6,212681_A.6,Deliverance,
2454,212681,Various,The JDC Mixer Volume 6,212681_A.7,Call Me Up,
2455,212681,Various,The JDC Mixer Volume 6,212681_A.8,Beyond The Clouds,
2456,212681,Various,The JDC Mixer Volume 6,212681_A.10,Hot Sun On Video,
2457,212681,Various,The JDC Mixer Volume 6,212681_B.1,Soft Cafe (Instrumental),
2458,212681,Various,The JDC Mixer Volume 6,212681_B.2,Tequila,
2459,212681,Various,The JDC Mixer Volume 6,212681_B.3,Too Tuff To Cry,
2460,212681,Various,The JDC Mixer Volume 6,212681_B.4,Eat You Up,
2462,212681,Various,The JDC Mixer Volume 6,212681_B.6,Deliverance,
2463,212681,Various,The JDC Mixer Volume 6,212681_B.7,Call Me Up,
2464,212681,Various,The JDC Mixer Volume 6,212681_B.8,Beyond The Clouds,
2465,212681,Various,The JDC Mixer Volume 6,212681_B.10,Hot Sun On Video,
2467,6930540,Various,Disco Story,6930540_A3,Doctor Doo Dah,
2469,6930540,Various,Disco Story,6930540_B2,I Wanna Be A Rolling Stone,
2470,6930540,Various,Disco Story,6930540_B3,Black Is Black,
2472,6930540,Various,Disco Story,6930540_B5,Point Zéro,
2474,6930540,Various,Disco Story,6930540_B7,Substitute,
2475,6930540,Various,Disco Story,6930540_C2,Pepper Box,
2476,6930540,Various,Disco Story,6930540_C4,Do It For Me,
2477,6930540,Various,Disco Story,6930540_C5,Love Is In The Air,
2478,6930540,Various,Disco Story,6930540_C6,Soul Makossa,
2480,6930540,Various,Disco Story,6930540_D1,Macho Man,
2481,6930540,Various,Disco Story,6930540_D2,The Best Disco In Town,
2482,6930540,Various,Disco Story,6930540_D3,Life Is Music,
2483,6930540,Various,Disco Story,6930540_D4,San Francisco,
2493,380642,David Bowie,The Best Of Bowie,380642_B4,Golden Years,
2516,400542,Various,Chroniques De Mars,400542_B1,Interstice N*1: Kif Le Son,
2518,400542,Various,Chroniques De Mars,400542_B4,Interstice N*2: Tonnerre,
2523,400542,Various,Chroniques De Mars,400542_D3,Interstice N*3: Interkif,
2540,6444157,Birdy Nam Nam,Birdy Nam Nam,6444157_D16,New Steps/Breaking Barriers (Bonus Track),
2542,6444157,Birdy Nam Nam,Birdy Nam Nam,6444157_E,Break Beat And Scratch By Birdy Nam Nam,
2543,6444157,Birdy Nam Nam,Birdy Nam Nam,6444157_F,Break Beat And Scratch By Birdy Nam Nam,
2544,942588,Birdy Nam Nam,The First Break Beat,942588_A,Untitled,
2545,942588,Birdy Nam Nam,The First Break Beat,942588_B,Untitled,
2549,3951225,Raggasonic,Raggasonic 3,3951225_A4,Identitée,
2551,3951225,Raggasonic,Raggasonic 3,3951225_B2,Luckie D Interlude,
2558,3951225,Raggasonic,Raggasonic 3,3951225_D2,Monkey Star Remix,
2559,3951225,Raggasonic,Raggasonic 3,3951225_D3,Sang Mélé,
2570,15965230,Kölsch,Now Here No Where,15965230_D2,While Waiting For Someone To Care About,
2577,14014972,DJ Anna,Speicher 112,14014972_A,Forever Ravers (Original Mix),
2675,12821971,Oktober Lieber,In Human,12821971_A2,The Attaker,
2688,485508,Wee-Kids,Untitled,485508_A,Queer Do It Better,
2689,485508,Wee-Kids,Untitled,485508_B,Bright Queen,
2720,770229,Assassin,Touche D'Espoir,770229_C12,$$$,
2726,461089,Boost,Version 1,461089_A1,Early Reflection,
2727,461089,Boost,Version 1,461089_A2,7th Sense,
2728,461089,Boost,Version 1,461089_B1,Tribute Tomayhem,
2729,461089,Boost,Version 1,461089_B2,//Effect,
2749,2068953,Various,Pulp Fiction (Music From The Motion Picture),2068953_A1b,Misirlou,
2754,2068953,Various,Pulp Fiction (Music From The Motion Picture),2068953_A8b,Bullwinkle Part II,
2759,2068953,Various,Pulp Fiction (Music From The Motion Picture),2068953_B4b,Comanche,
2762,2068953,Various,Pulp Fiction (Music From The Motion Picture),2068953_B7,Surf Rider,
2766,1692223,Louis Armstrong,Louis And The Good Book,1692223_A4,Rock My Soul (In The Bosom Of Abraham),
2777,727924,Various,Easy Rider - Songs As Performed In The Motion Picture,727924_A1,The Pusher,
2780,727924,Various,Easy Rider - Songs As Performed In The Motion Picture,727924_A5,If You Want To Be A Bird,
2781,727924,Various,Easy Rider - Songs As Performed In The Motion Picture,727924_B2,If Six Was Nine,
2782,727924,Various,Easy Rider - Songs As Performed In The Motion Picture,727924_B3,Kyrie Eleison Mardi Gras,
2783,727924,Various,Easy Rider - Songs As Performed In The Motion Picture,727924_B5,Ballad Of Easy Rider,
2784,237632,J.S.Zeiter,Switch / Motion_Sickness,237632_A,Switch,
2785,237632,J.S.Zeiter,Switch / Motion_Sickness,237632_B,Motion_Sickness,
2802,1900270,Gregg Diamond,Greyhound Bus / War Paint,1900270_A,Greyhound Bus,
2803,1900270,Gregg Diamond,Greyhound Bus / War Paint,1900270_B,War Paint (Love Line),
2804,1307099,Hamilton Bohannon,The Groove Machine / The Boogie Train,1307099_A,The Groove Machine / The Boogie Train,
2805,1307099,Hamilton Bohannon,The Groove Machine / The Boogie Train,1307099_B,The Groove Machine / The Boogie Train,
2811,9194949,Brigitte Bardot,Bonnie And Clyde,9194949_B1,La Javanaise,
2815,9194949,Brigitte Bardot,Bonnie And Clyde,9194949_B5,Baudelaire,
2816,9194949,Brigitte Bardot,Bonnie And Clyde,9194949_B6,Docteur Jekyll And Mister Hyde,
2823,195152,Serge Gainsbourg,Aux Armes Et Cætera,195152_A6,Vielle Canaille,
2831,6343443,Various,The Big Lebowski - Original Motion Picture Soundtrack,6343443_A1,The Man In Me,
2832,6343443,Various,The Big Lebowski - Original Motion Picture Soundtrack,6343443_A2,Her Eyes Are A Blue Million Miles,
2833,6343443,Various,The Big Lebowski - Original Motion Picture Soundtrack,6343443_A3,My Mood Swings,
2834,6343443,Various,The Big Lebowski - Original Motion Picture Soundtrack,6343443_A4,Ataypura,
2835,6343443,Various,The Big Lebowski - Original Motion Picture Soundtrack,6343443_A5,Traffic Boom,
2836,6343443,Various,The Big Lebowski - Original Motion Picture Soundtrack,6343443_A7,Stamping Ground,
2837,6343443,Various,The Big Lebowski - Original Motion Picture Soundtrack,6343443_B1,Just Dropped In (To See What Condition My Condition Was In),
2838,6343443,Various,The Big Lebowski - Original Motion Picture Soundtrack,6343443_B2,Walking Song,
2839,6343443,Various,The Big Lebowski - Original Motion Picture Soundtrack,6343443_B3,"""Glück Das Mir Verblieb"" From The Opera ""Die Tote Stadt""",
2840,6343443,Various,The Big Lebowski - Original Motion Picture Soundtrack,6343443_B4,Lujon,
2842,6343443,Various,The Big Lebowski - Original Motion Picture Soundtrack,6343443_B6,Wie Glauben,
2843,6343443,Various,The Big Lebowski - Original Motion Picture Soundtrack,6343443_B7,Dead Flowers,
2844,2702574,Kool & The Gang,Get Down On It (Eiffel 65 Remix),2702574_A1,Get Down On It - Eiffel 65 Remix (Extended Mix),
2845,2702574,Kool & The Gang,Get Down On It (Eiffel 65 Remix),2702574_A2,Get Down On It - Eiffel 65 Remix (Radio Edit),
2846,2702574,Kool & The Gang,Get Down On It (Eiffel 65 Remix),2702574_B1,Get Down On It - Eiffel 65 Remix (Extended Vocal Mix),
2854,3265755,Serge Gainsbourg,Aux Armes Et Cætera (Versions Dub),3265755_A7,Dub Relax,
2860,3265755,Serge Gainsbourg,Aux Armes Et Cætera (Versions Dub),3265755_B6,Planteur Punch (Inédit),
2861,14321474,Tonn3rr3,Le Début: Le Bois,14321474_A1,"Le Début, Le Bois",
2862,14321474,Tonn3rr3,Le Début: Le Bois,14321474_A2,Vie En Ville,
2863,14321474,Tonn3rr3,Le Début: Le Bois,14321474_B1,Ton Regard Parle,
2864,14321474,Tonn3rr3,Le Début: Le Bois,14321474_B2,Papa Legba,
2865,8775291,Various,Noise Is Coming EP,8775291_A1,Metal Beat (Demolition Version),
2866,8775291,Various,Noise Is Coming EP,8775291_A2,Green Diktat,
2867,8775291,Various,Noise Is Coming EP,8775291_B1,Freddy,
2868,8775291,Various,Noise Is Coming EP,8775291_B2,My Promise,
2880,935775,Silver Convention,Silver Convention,935775_B4,The Boy With The Ohh-La-La,
2882,502431,DJ Shadow,March Of Death / Karmacoma,502431_A,March Of Death (Anti-Iraq War Song) (Unreleased),
2883,502431,DJ Shadow,March Of Death / Karmacoma,502431_B,Karmacoma,
2895,3244766,DJ Shadow,Endtroducing...,3244766_D2.a,What Does Your Soul Look Like (Part 1 - Blue Sky Revisit),
2899,9021527,Superlover,Timeless / Come To Me,9021527_B1,Come To Me,
2900,9021527,Superlover,Timeless / Come To Me,9021527_B2,Closer,
2909,7393239,Village People,Village People,7393239_B2,Village People,
2913,7393239,Village People,Village People,7393239_D3,Sodom And Gomorrah,
2916,7393239,Village People,Village People,7393239_F2,My Roomate,
2917,7393239,Village People,Village People,7393239_F3,Ups And Downs,
2919,2055961,Pyotr Ilyich Tchaikovsky,Selections From Swan Lake,2055961_A2,Danse Des Cygnes - Act II (No. 12),
2920,2055961,Pyotr Ilyich Tchaikovsky,Selections From Swan Lake,2055961_A3,Pas De Deux - Act II (No. 13),
2921,2055961,Pyotr Ilyich Tchaikovsky,Selections From Swan Lake,2055961_A4,Les Cygnettes - Act II (No. 14),
2922,2055961,Pyotr Ilyich Tchaikovsky,Selections From Swan Lake,2055961_A5,Variation - Act I (No. 14a),
2923,2055961,Pyotr Ilyich Tchaikovsky,Selections From Swan Lake,2055961_A6,The Swan Queen - Act II (No. 16),
2926,2055961,Pyotr Ilyich Tchaikovsky,Selections From Swan Lake,2055961_B1,Danse Espagnole - Act III (No. 22),
2928,2055961,Pyotr Ilyich Tchaikovsky,Selections From Swan Lake,2055961_B3,Mazurka - Act III (No. 25),
2929,2055961,Pyotr Ilyich Tchaikovsky,Selections From Swan Lake,2055961_B4,Danse Des Petits Cygnes - Act IV (No. 30),
2933,224503,Jeff Mills,Exhibitionist EP,224503_A2,The Unseen With Man From Tomorrow,
2934,224503,Jeff Mills,Exhibitionist EP,224503_B,Cobolt,
2961,9353373,Nas,Nastradamus,9353373_C1,Family,
2996,14031349,Various,Fear And Loathing In Las Vegas (Music From The Motion Picture),14031349_A1,Combination Of The Two,
2997,14031349,Various,Fear And Loathing In Las Vegas (Music From The Motion Picture),14031349_A2,One Toke Over The Line,
2998,14031349,Various,Fear And Loathing In Las Vegas (Music From The Motion Picture),14031349_A4,For Your Love,
3000,14031349,Various,Fear And Loathing In Las Vegas (Music From The Motion Picture),14031349_A6,A Drug Score - Part 1 (Acid Spill),
3002,14031349,Various,Fear And Loathing In Las Vegas (Music From The Motion Picture),14031349_B2,Mama Told Me Not To Come,
3003,14031349,Various,Fear And Loathing In Las Vegas (Music From The Motion Picture),14031349_B3,Stuck Inside Of Mobile With The Memphis Blues Again,
3004,14031349,Various,Fear And Loathing In Las Vegas (Music From The Motion Picture),14031349_B4,Time Is Tight,
3005,14031349,Various,Fear And Loathing In Las Vegas (Music From The Motion Picture),14031349_C1,Magic Moments,
3006,14031349,Various,Fear And Loathing In Las Vegas (Music From The Motion Picture),14031349_C3,Tammy,
3007,14031349,Various,Fear And Loathing In Las Vegas (Music From The Motion Picture),14031349_C4,A Drug Score - Part 3 (Flashbacks),
3008,14031349,Various,Fear And Loathing In Las Vegas (Music From The Motion Picture),14031349_C5,Expecting To Fly,
3009,14031349,Various,Fear And Loathing In Las Vegas (Music From The Motion Picture),14031349_C6,Viva Las Vegas,
3028,5056475,Andre Silvano And His Orchestra,Music At Twilight,5056475_A1,Around The World In 80 Days,
3029,5056475,Andre Silvano And His Orchestra,Music At Twilight,5056475_A2,Sous Les Toits De Paris,
3030,5056475,Andre Silvano And His Orchestra,Music At Twilight,5056475_A3,Ninotchka,
3031,5056475,Andre Silvano And His Orchestra,Music At Twilight,5056475_A4,La Strada,
3032,5056475,Andre Silvano And His Orchestra,Music At Twilight,5056475_A5,Concerto,
3033,5056475,Andre Silvano And His Orchestra,Music At Twilight,5056475_A6,La Paloma,
3034,5056475,Andre Silvano And His Orchestra,Music At Twilight,5056475_A7,La Ronde,
3035,5056475,Andre Silvano And His Orchestra,Music At Twilight,5056475_B1,Fascination,
3036,5056475,Andre Silvano And His Orchestra,Music At Twilight,5056475_B2,Emperor Waltz,
3037,5056475,Andre Silvano And His Orchestra,Music At Twilight,5056475_B3,Laura,
3038,5056475,Andre Silvano And His Orchestra,Music At Twilight,5056475_B4,Moulin Rouge,
3039,5056475,Andre Silvano And His Orchestra,Music At Twilight,5056475_B5,Waltz Of The Roses,
3040,5056475,Andre Silvano And His Orchestra,Music At Twilight,5056475_B6,Sentimental Etude,
3041,5056475,Andre Silvano And His Orchestra,Music At Twilight,5056475_B7,Limelight,
3043,902238,Sidney Bechet,The Great Sidney Bechet,902238_A2,Fast Blues,
3050,902238,Sidney Bechet,The Great Sidney Bechet,902238_B4,Got It And Gone,
3051,902238,Sidney Bechet,The Great Sidney Bechet,902238_B5,Slow Blues,
3073,609481,Joan Baez,The Songbook,609481_C5,The Tramp Of The Street,
3119,12510809,Kiddy Smile,One Trick Pony,12510809_A3,D!ckmatized,
3134,628980,Puppetmastaz,Creature Funk,628980_B3,Hiphop Police,
3138,628980,Puppetmastaz,Creature Funk,628980_C2,Flashlight,
3143,628980,Puppetmastaz,Creature Funk,628980_D2,Hammerhead,
3184,24606761,Miss Kittin & The Hacker,Two,24606761_A3,PPO,
3213,2268505,Various,All Star Blends,2268505_A1,Q-Tip vs. Michael,
3214,2268505,Various,All Star Blends,2268505_A2,Christina vs. Diana Ross,
3215,2268505,Various,All Star Blends,2268505_A3,Led Zeppelin vs. Beyonce,
3216,2268505,Various,All Star Blends,2268505_B1,Ludacris vs. Limp Bizkit,
3217,2268505,Various,All Star Blends,2268505_B2,Maroon5 vs. Marvin Gaye,
3218,2268505,Various,All Star Blends,2268505_B3,Busta Rhymes vs. The Cure,
3219,2268505,Various,All Star Blends,2268505_B4,Snoop Dogg vs. Guns N Roses,
3220,2268505,Various,All Star Blends,2268505_C1,Ciara Ft. Missy Elliott vs. BEP Ft. Eminem,
3221,2268505,Various,All Star Blends,2268505_C2,James Brown vs. Prince,
3222,2268505,Various,All Star Blends,2268505_C3,Greenday vs. Oasis,
3223,2268505,Various,All Star Blends,2268505_D1,Nelly vs. Lynyrd Skynyrd,
3224,2268505,Various,All Star Blends,2268505_D2,50 Cent vs. Bee Gees,
3225,2268505,Various,All Star Blends,2268505_D3,Outkast vs. Queen,
3244,10521068,Busta Rhymes,Extinction Level Event - The Final World Front,10521068_C1,Iz They Wildin Wit Us & Getting Rowdy Wit Us,
3268,14343535,Various,P&P Disco,14343535_A1,Got To Get Your Love,
3269,14343535,Various,P&P Disco,14343535_A2,Feel The Spirit,
3271,14343535,Various,P&P Disco,14343535_C2,Pound For Pound,
3272,14343535,Various,P&P Disco,14343535_C3,Turn Up Your Radio,
3273,14343535,Various,P&P Disco,14343535_D1,The Guardian Angel Is Watching Over Us,
3274,14343535,Various,P&P Disco,14343535_D2,Flying High (Part 2),
3275,14343535,Various,P&P Disco,14343535_D3,Spank Me,
3309,9820984,David Bowie,Legacy,9820984_A5, Changes,
3336,12614385,Freeman,L'palais De Justice,12614385_F4,Prohibition Du Savoir,
3338,9513685,Various,Trainspotting (Music From The Motion Picture),9513685_A2,Deep Blue Day,
3340,9513685,Various,Trainspotting (Music From The Motion Picture),9513685_B1,Atomic,
3342,9513685,Various,Trainspotting (Music From The Motion Picture),9513685_B3,Nightclubbing,
3343,9513685,Various,Trainspotting (Music From The Motion Picture),9513685_C1,Sing,
3345,9513685,Various,Trainspotting (Music From The Motion Picture),9513685_C3,Mile End,
3346,9513685,Various,Trainspotting (Music From The Motion Picture),9513685_C4,For What You Dream Of (Full On Renaissance Mix),
3347,9513685,Various,Trainspotting (Music From The Motion Picture),9513685_D1,2:1,
3348,9513685,Various,Trainspotting (Music From The Motion Picture),9513685_D2,A Final Hit,
3349,9513685,Various,Trainspotting (Music From The Motion Picture),9513685_D3,Born Slippy (NUXX),
3350,9513685,Various,Trainspotting (Music From The Motion Picture),9513685_D4,Closet Romantic,
3356,15459057,Various,Rapattitude,15459057_B2,Je Rap,
3361,27233847,Yuksek,Dance’O’Drome,27233847_A2,Santas Alams Benditas,
3408,4014900,The Golden Gate Quartet,All Over This World,4014900_D6,Where You There,
3413,3012425,Téléphone,Crache Ton Venin,3012425_B2,Ne Me Regarde Pas / Regarde Moi,
3418,4073915,Paul Kalkbrenner,Guten Tag,4073915_A3,Kernspalte,
3470,7728644,Maurice Ravel,Bolero / Ma Mère L'Oye / La Valse,7728644_A1,Bolero,
3472,5650874,Luis Alberto Del Parana Y Los Paraguayos,Amérique Du Sud,5650874_A1,Malaguena,
3473,5650874,Luis Alberto Del Parana Y Los Paraguayos,Amérique Du Sud,5650874_A2,Cielito Lindo,
3474,5650874,Luis Alberto Del Parana Y Los Paraguayos,Amérique Du Sud,5650874_A3,Besame Mucho,
3475,5650874,Luis Alberto Del Parana Y Los Paraguayos,Amérique Du Sud,5650874_A4,Historia De Un Amor,
3477,5650874,Luis Alberto Del Parana Y Los Paraguayos,Amérique Du Sud,5650874_A6,Caminito,
3479,5650874,Luis Alberto Del Parana Y Los Paraguayos,Amérique Du Sud,5650874_B2,Mexico,
3481,5650874,Luis Alberto Del Parana Y Los Paraguayos,Amérique Du Sud,5650874_B4,La Cumparsita,
3482,5650874,Luis Alberto Del Parana Y Los Paraguayos,Amérique Du Sud,5650874_B5,Pajaro Chogui,
3484,74562,Santa Esmeralda,Don't Let Me Be Misunderstood,74562_B3,Black Pot,
3506,6667044,A Tribe Called Red,Nation II Nation,6667044_A1,Bread And Cheese ,
3509,6667044,A Tribe Called Red,Nation II Nation,6667044_A4,Different Heros ,
3527,24518927,Various,Dub 3 EP,24518927_A1,Perfect Silence,
3528,24518927,Various,Dub 3 EP,24518927_A2,Pyramid,
3529,24518927,Various,Dub 3 EP,24518927_B1,Das Ego,
3530,24518927,Various,Dub 3 EP,24518927_B2,Dubby Stomper,
3571,580671,Giorgio Moroder,American Gigolo (Original Soundtrack Recording),580671_A2,Love And Passion,
3573,580671,Giorgio Moroder,American Gigolo (Original Soundtrack Recording),580671_B1,Hello Mr. W.A.M. (Finale),
3574,580671,Giorgio Moroder,American Gigolo (Original Soundtrack Recording),580671_B2,The Apartment,
3575,580671,Giorgio Moroder,American Gigolo (Original Soundtrack Recording),580671_B3,Palm Springs Drive,
3578,1651025,Gloria Gaynor,Stories,1651025_A2,I Let Love Slip Right Through My Hands,
3579,1651025,Gloria Gaynor,Stories,1651025_A3,On A Diet Of You,
3583,1651025,Gloria Gaynor,Stories,1651025_B4,Make Me Yours,
3606,28953,Popof,Untitled,28953_A,Danceflower,
3607,28953,Popof,Untitled,28953_B,Agent De Texture,
3608,28953,Popof,Untitled,28953_C,Resistance,
3609,28953,Popof,Untitled,28953_D,Britney,
3630,3242756,Coleman Hawkins,Jazz Pioneers,3242756_B3,Corny Rhythm,
3631,3242756,Coleman Hawkins,Jazz Pioneers,3242756_B5,Overhand,
3632,3242756,Coleman Hawkins,Jazz Pioneers,3242756_B6,Isabelle,
3685,8008272,Deep Purple,Burn,8008272_B4,"""A"" 200",
3718,10895463,A Tribe Called Red,We Are The Halluci Nation,10895463_C3,For You (The Light Part II),
3721,10895463,A Tribe Called Red,We Are The Halluci Nation,10895463_D1,Stadium Pow Wow,
3722,10895463,A Tribe Called Red,We Are The Halluci Nation,10895463_D2,Suplex,
3723,8403745,Fatnotronic,Onde Anda,8403745_A1,"7, 8 e 1",
3724,8403745,Fatnotronic,Onde Anda,8403745_A2,Botoque,
3726,8403745,Fatnotronic,Onde Anda,8403745_B1,Me Diga,
3727,8403745,Fatnotronic,Onde Anda,8403745_B2,É Um Barato,
3728,8403745,Fatnotronic,Onde Anda,8403745_B3,Onde Anda,
3729,8403745,Fatnotronic,Onde Anda,8403745_A,Margarida,
3730,8403745,Fatnotronic,Onde Anda,8403745_B,Blaus,
3808,1873043,Various,In The Groove With The Kings Of Swing,1873043_A2,Muskrat Ramble,
3811,1873043,Various,In The Groove With The Kings Of Swing,1873043_B1,Night And Day,
3812,1873043,Various,In The Groove With The Kings Of Swing,1873043_B2,Yes Indeed!,
3814,1873043,Various,In The Groove With The Kings Of Swing,1873043_B5,Carolina Shout,
3816,1873043,Various,In The Groove With The Kings Of Swing,1873043_C1,Life Goes To A Party,
3817,1873043,Various,In The Groove With The Kings Of Swing,1873043_C2,St. Louis Boogie,
3820,1873043,Various,In The Groove With The Kings Of Swing,1873043_C6,When The Saints Come Marching In,
3821,1873043,Various,In The Groove With The Kings Of Swing,1873043_D2,Blue Lou,
3822,1873043,Various,In The Groove With The Kings Of Swing,1873043_D3,I Never Knew,
3823,1873043,Various,In The Groove With The Kings Of Swing,1873043_D4,Limehouse Blues,
3824,1873043,Various,In The Groove With The Kings Of Swing,1873043_D6,"Well, Git It",
3826,1873043,Various,In The Groove With The Kings Of Swing,1873043_E3,Boogie Woogie Cocktail,
3827,1873043,Various,In The Groove With The Kings Of Swing,1873043_E4,Hard Hearted Hannah,
3828,1873043,Various,In The Groove With The Kings Of Swing,1873043_E5,Special Delivery Stomp,
3829,1873043,Various,In The Groove With The Kings Of Swing,1873043_E6,Cotton Tail,
3830,1873043,Various,In The Groove With The Kings Of Swing,1873043_F1,Poor Butterfly,
3831,1873043,Various,In The Groove With The Kings Of Swing,1873043_F2,Opus 1/2,
3832,1873043,Various,In The Groove With The Kings Of Swing,1873043_F5,Boogie Woogie Maxixe,
3836,1873043,Various,In The Groove With The Kings Of Swing,1873043_G3,Quaker City Jazz,
3837,1873043,Various,In The Groove With The Kings Of Swing,1873043_G4,Body And Soul,
3840,1873043,Various,In The Groove With The Kings Of Swing,1873043_H1,Honky Tonk Train,
3842,1873043,Various,In The Groove With The Kings Of Swing,1873043_H5,Second Balcony Jump,
3843,1873043,Various,In The Groove With The Kings Of Swing,1873043_H6,No Name Jive,
3845,1873043,Various,In The Groove With The Kings Of Swing,1873043_I2,I Know That You Know,
3847,1873043,Various,In The Groove With The Kings Of Swing,1873043_I5,Loose Lid Special,
3848,1873043,Various,In The Groove With The Kings Of Swing,1873043_I6,The Eel,
3849,1873043,Various,In The Groove With The Kings Of Swing,1873043_J1,Redskin Rhumba,
3850,1873043,Various,In The Groove With The Kings Of Swing,1873043_J4,Close Shave,
3852,1873043,Various,In The Groove With The Kings Of Swing,1873043_J6,Not So Quiet Please,
3853,1873043,Various,In The Groove With The Kings Of Swing,1873043_K1,Camel Hop,
3854,1873043,Various,In The Groove With The Kings Of Swing,1873043_K2,Yancey Special,
3857,1873043,Various,In The Groove With The Kings Of Swing,1873043_K5,Hot Mallets,
3858,1873043,Various,In The Groove With The Kings Of Swing,1873043_L1,Smiles,
3860,1873043,Various,In The Groove With The Kings Of Swing,1873043_L5,Ring Dem Bells,
3877,1764165,Neil Young,Comes A Time,1764165_B2,Already One,
3886,1689454,Nancy Sinatra,How Does That Grab You?,1689454_A1,Not The Loving Kind,
3890,1689454,Nancy Sinatra,How Does That Grab You?,1689454_B1,Crying Time,
3908,2626967,The Rolling Stones,Sucking In The Seventies,2626967_B1,Mannish Boy,
3909,2626967,The Rolling Stones,Sucking In The Seventies,2626967_B2,When The Whip Comes Down (Live Version),
3940,2898480,Various,No Slackers EP,2898480_A1,The World As I Live It,
3941,2898480,Various,No Slackers EP,2898480_A2,Dark Edge (Dairmount & Berardi Dub),
3942,2898480,Various,No Slackers EP,2898480_B1,Fonk,
3943,2898480,Various,No Slackers EP,2898480_B2,Stern Soul,
3944,3802,DJ Falcon,Hello My Name Is DJ Falcon,3802_A1,First,
3945,3802,DJ Falcon,Hello My Name Is DJ Falcon,3802_A2,Honeymoon,
3946,3802,DJ Falcon,Hello My Name Is DJ Falcon,3802_B1,Untitled,
3947,3802,DJ Falcon,Hello My Name Is DJ Falcon,3802_B2,Unplugged,
3994,362339,Cypress Hill,Worldwide,362339_A1,Woldwide (Clean Edit),
3995,362339,Cypress Hill,Worldwide,362339_A2,Woldwide (LP Version),
3996,362339,Cypress Hill,Worldwide,362339_A3,Woldwide (Instrumental),
3998,362339,Cypress Hill,Worldwide,362339_B1,No Entiendes La Onda (How I Could Just Kill A Man) (LP Version),
3999,362339,Cypress Hill,Worldwide,362339_B2,No Entiendes La Onda (How I Could Just Kill A Man) (Instrumental),
4003,139742,Redman,Whut? Thee Album,139742_A2,Time 4 Sum Aksion,
4018,139742,Redman,Whut? Thee Album,139742_B8,Soopa Luver Interview,
4030,6832320,N.W.A.,Efil4zaggin,6832320_B6,1-900-2 Compton,
4041,22321696,Frank Sinatra,Come Fly With Me,22321696_B5,Pennes From Heaven,
4044,202512,Skyy,Skyyjammer,202512_A3,This Song Is For You,
4045,202512,Skyy,Skyyjammer,202512_A4,Miracle,
4047,202512,Skyy,Skyyjammer,202512_B2,Let Love Shine,
4048,202512,Skyy,Skyyjammer,202512_B3,Together,
4049,202512,Skyy,Skyyjammer,202512_B4,Freak Outta,
4059,10212712,Oxia,Domino Remixes,10212712_A1,Domino (Original Rework),
4072,8286110,Coleman Hawkins,The Tenor Sax Album (The Savoy Sessions),8286110_A3,Blue Skies,
4074,8286110,Coleman Hawkins,The Tenor Sax Album (The Savoy Sessions),8286110_A6,Girl Of My Dreams,
4075,8286110,Coleman Hawkins,The Tenor Sax Album (The Savoy Sessions),8286110_A7,Jim Dawgs,
4076,8286110,Coleman Hawkins,The Tenor Sax Album (The Savoy Sessions),8286110_B2,I.Q. Blues,
4077,8286110,Coleman Hawkins,The Tenor Sax Album (The Savoy Sessions),8286110_B3,Lunatic,
4078,8286110,Coleman Hawkins,The Tenor Sax Album (The Savoy Sessions),8286110_B5,Red Man Bounce,
4079,8286110,Coleman Hawkins,The Tenor Sax Album (The Savoy Sessions),8286110_B6,Baby Watch That Stuff,
4080,8286110,Coleman Hawkins,The Tenor Sax Album (The Savoy Sessions),8286110_B7,Misty Morning Blues,
4081,8286110,Coleman Hawkins,The Tenor Sax Album (The Savoy Sessions),8286110_C3,Blues Mood,
4082,8286110,Coleman Hawkins,The Tenor Sax Album (The Savoy Sessions),8286110_C4,Jacquet In The Box,
4083,8286110,Coleman Hawkins,The Tenor Sax Album (The Savoy Sessions),8286110_C5,Savoy Blip,
4084,8286110,Coleman Hawkins,The Tenor Sax Album (The Savoy Sessions),8286110_C7,Minor Romp,
4090,6069834,Pauke Schaumburg,Roadpatrol,6069834_A,Roadpatrol - Original Mix,
4091,6069834,Pauke Schaumburg,Roadpatrol,6069834_B1,Automatic - Original Mix,
4093,16270835,Keith Carnal,SEC004,16270835_A1,Hope,
4094,16270835,Keith Carnal,SEC004,16270835_A2,Endless,
4166,7795752,D12,Devils Night,7795752_C4,Obie Trice (Skit),
4171,540653,Dr. Dre,The Chronicle: The Best Of The Works,540653_A2,Gin & Juice,
4172,540653,Dr. Dre,The Chronicle: The Best Of The Works,540653_A3,Afro Puffs,
4174,540653,Dr. Dre,The Chronicle: The Best Of The Works,540653_B2,Murder Was The Case,
4177,540653,Dr. Dre,The Chronicle: The Best Of The Works,540653_D1,Serial Killa,
4191,7276088,Fatboy Slim,"You've Come A Long Way, Baby",7276088_B1,Gangster Tripping,
4201,1195672,Cut Killer,Cut Killer Show,1195672_A1,Cut Intro Show,
4210,1195672,Cut Killer,Cut Killer Show,1195672_B5,Street Jam (Interlude),
4212,1195672,Cut Killer,Cut Killer Show,1195672_C2,3 Fingers In Your Ass,
4215,1195672,Cut Killer,Cut Killer Show,1195672_D1,Mots Vrais,
4217,1195672,Cut Killer,Cut Killer Show,1195672_D4,1st Of Da Month (DJ Premier Remix),
4218,1195672,Cut Killer,Cut Killer Show,1195672_D5,Outro Djamel,
4223,1195672,Cut Killer,Cut Killer Show,1195672_E5,You Will Rise (Remix),
4224,1195672,Cut Killer,Cut Killer Show,1195672_F1,Love You So (Remix),
4225,1195672,Cut Killer,Cut Killer Show,1195672_F2,What They Do,
4227,1195672,Cut Killer,Cut Killer Show,1195672_F4,Get Up,
4228,1195672,Cut Killer,Cut Killer Show,1195672_G1,Tell Me (Remix),
4233,1195672,Cut Killer,Cut Killer Show,1195672_H2,Big Daddy (Remix),
4237,162457,Carrie Lucas,Dance With You,162457_B,Simpler Days,
4239,948859,Lee Van Dowski,The Strike Pandemonium,948859_B,King Convex Stylus,
4240,49645,Various,Soma Compilation Seven,49645_A1,Flyin High (Sidewinder Remix),
4242,49645,Various,Soma Compilation Seven,49645_A3,Rubberlegs (Studio 54 Remix),
4248,49645,Various,Soma Compilation Seven,49645_D2,Break It Down (Cari Lekebusch Remix),
4249,49645,Various,Soma Compilation Seven,49645_D3,Pressure Theme (Marco Carola Remix),
4277,10416148,Fonky Family,Art De Rue,10416148_B4,Djel & Pone,
4322,517871,Various,Studio One Classics,517871_A1,El Pussy Cat Ska,
4325,517871,Various,Studio One Classics,517871_A4,Sing Jah Style AKA Sing-Jay Style,
4329,517871,Various,Studio One Classics,517871_B4,Back To School,
4342,1452733,Box Tops,Best Of The Box Tops,1452733_A5,A Whiter Shade Of Pale,
4388,1847821,Jaylib,Champion Sound,1847821_A1,L.A. To Detroit,
4390,1847821,Jaylib,Champion Sound,1847821_A3,Nowadays,
4405,1852805,Streetlife DJs,Keep It Street EP,1852805_B1,Yo! Jay (Original Mix),
4406,1852805,Streetlife DJs,Keep It Street EP,1852805_B2,Yo! Jay (Blacklight Flashlight Remix),
4407,10434118,Various,Oté Maloya (The Birth Of Electric Maloya On Reunion Island 1975-1986),10434118_A1,La Rosée Si Feuilles Songes,
4409,10434118,Various,Oté Maloya (The Birth Of Electric Maloya On Reunion Island 1975-1986),10434118_A3,Moin La Pas Fait Tout Sel,
4418,10434118,Various,Oté Maloya (The Birth Of Electric Maloya On Reunion Island 1975-1986),10434118_D2,Oh Maloya,
4420,10434118,Various,Oté Maloya (The Birth Of Electric Maloya On Reunion Island 1975-1986),10434118_D4,Oté Maloya,
4437,13479756,Purple Disco Machine,Soulmatic Remixes,13479756_B1,Play (Superlover Remix),
4439,3821457,Marc Romboy,Taiyo = 太陽,3821457_A,太陽 / Taiyo (Original Mix),
4447,4441663,The Sunshine Band,The Sound Of Sunshine,4441663_B1,Hey J,
4487,8081270,Johann Sebastian Bach,"Concerts Brandebourgeois N° 2, 5 & 6",8081270_A1,1. (Allegro),
4488,8081270,Johann Sebastian Bach,"Concerts Brandebourgeois N° 2, 5 & 6",8081270_A2,2. Adagio Ma Non Troppo,
4489,8081270,Johann Sebastian Bach,"Concerts Brandebourgeois N° 2, 5 & 6",8081270_A3,3. Allegro,
4490,8081270,Johann Sebastian Bach,"Concerts Brandebourgeois N° 2, 5 & 6",8081270_A4,1. Allegro,
4491,8081270,Johann Sebastian Bach,"Concerts Brandebourgeois N° 2, 5 & 6",8081270_B1,2. Affettuoso,
4492,8081270,Johann Sebastian Bach,"Concerts Brandebourgeois N° 2, 5 & 6",8081270_B2,3. Allegro,
4493,8081270,Johann Sebastian Bach,"Concerts Brandebourgeois N° 2, 5 & 6",8081270_B3,1. (Allegro),
4494,8081270,Johann Sebastian Bach,"Concerts Brandebourgeois N° 2, 5 & 6",8081270_B4,2. Andante,
4495,8081270,Johann Sebastian Bach,"Concerts Brandebourgeois N° 2, 5 & 6",8081270_B5,3. Allegro Assai,
4509,9319936,Felix Kröcher,Provident EP,9319936_A2,Provident (Original),
4540,10922718,Morgasm,Sampler Silver,10922718_A1,Summer Dreams,
4541,10922718,Morgasm,Sampler Silver,10922718_A2,Can You Feel It,
4542,10922718,Morgasm,Sampler Silver,10922718_B1,Space,
4543,10922718,Morgasm,Sampler Silver,10922718_B2,Ibiza,
4544,11523623,Various,Sampler Yellow,11523623_A1,Kinky Acid,
4545,11523623,Various,Sampler Yellow,11523623_A2,Utopia,
4546,11523623,Various,Sampler Yellow,11523623_B1,Pleasure,
4547,11523623,Various,Sampler Yellow,11523623_B2,Sax On Acid,
4548,11856692,Various,Sampler Green,11856692_A1,Fire,
4550,11856692,Various,Sampler Green,11856692_B1,Lover Man,
4551,11856692,Various,Sampler Green,11856692_B2,Affinity,
4564,10441142,Kendrick Lamar,Damn.,10441142_A1,Blood,
4567,10441142,Kendrick Lamar,Damn.,10441142_A4,Element,
4569,10441142,Kendrick Lamar,Damn.,10441142_B2,Loyalty,
4570,10441142,Kendrick Lamar,Damn.,10441142_B3,Pride,
4571,10441142,Kendrick Lamar,Damn.,10441142_B4,Humble,
4574,10441142,Kendrick Lamar,Damn.,10441142_C3,XXX,
4577,10441142,Kendrick Lamar,Damn.,10441142_D3,Duckworth,
4589,7345404,Kendrick Lamar,"Good Kid, M.A.A.D City",7345404_D4,Now Or Never,
4590,6864535,Ludwig van Beethoven,Beethoven I ,6864535_A1,Symphonie N°3 Héroique,
4591,6864535,Ludwig van Beethoven,Beethoven I ,6864535_A2,Danse Allemande N°1,
4592,6864535,Ludwig van Beethoven,Beethoven I ,6864535_A3,Danse Allemande N°2,
4593,6864535,Ludwig van Beethoven,Beethoven I ,6864535_B1,Symphonie N°6 Pastorale,
4611,12616172,DJ Shadow,The Private Press,12616172_B2 & B3,Mongrel Meets His Maker,
4613,12616172,DJ Shadow,The Private Press,12616172_B4b,GDMFSOB (Clean Instrumental Version),
4621,9318796,Madness,One Step Beyond...,9318796_A4,Believe Me,
4622,9318796,Madness,One Step Beyond...,9318796_A5,Land Of Hope & Glory,
4624,9318796,Madness,One Step Beyond...,9318796_B1,In The Middle Of The Night,
4627,9318796,Madness,One Step Beyond...,9318796_B4,Swan Lake,
4642,3792040,Fats Domino,Fats Domino,3792040_C7,I Wanna Walk You Home,
4653,11575199,2Pac,Strictly 4 My N.I.G.G.A.Z...,11575199_C4,The Streetz Are Deathrow,
4656,7752893,Various,Hip Hop Basics Vol.2 - 1989-1992 - Golden Years Episode 1,7752893_A1,911 Is A Joke,
4657,7752893,Various,Hip Hop Basics Vol.2 - 1989-1992 - Golden Years Episode 1,7752893_A2,The Gas Face,
4658,7752893,Various,Hip Hop Basics Vol.2 - 1989-1992 - Golden Years Episode 1,7752893_A3,Mama Said Knock You Out,
4659,7752893,Various,Hip Hop Basics Vol.2 - 1989-1992 - Golden Years Episode 1,7752893_A4,Just A Friend,
4660,7752893,Various,Hip Hop Basics Vol.2 - 1989-1992 - Golden Years Episode 1,7752893_A5,Know How,
4662,7752893,Various,Hip Hop Basics Vol.2 - 1989-1992 - Golden Years Episode 1,7752893_B2,Once Upon A Time In The Projects,
4663,7752893,Various,Hip Hop Basics Vol.2 - 1989-1992 - Golden Years Episode 1,7752893_B3,Rampage,
4664,7752893,Various,Hip Hop Basics Vol.2 - 1989-1992 - Golden Years Episode 1,7752893_B4,La Raza,
4665,7752893,Various,Hip Hop Basics Vol.2 - 1989-1992 - Golden Years Episode 1,7752893_B5,Brand Nubian,
4666,7752893,Various,Hip Hop Basics Vol.2 - 1989-1992 - Golden Years Episode 1,7752893_C1,Can I Kick It ?,
4669,7752893,Various,Hip Hop Basics Vol.2 - 1989-1992 - Golden Years Episode 1,7752893_C4,Hip Hop Junkies,
4671,7752893,Various,Hip Hop Basics Vol.2 - 1989-1992 - Golden Years Episode 1,7752893_C6,The Choice Is Yours,
4672,7752893,Various,Hip Hop Basics Vol.2 - 1989-1992 - Golden Years Episode 1,7752893_D1,It Was A Good Day,
4673,7752893,Various,Hip Hop Basics Vol.2 - 1989-1992 - Golden Years Episode 1,7752893_D2,O.P.P.,
4674,7752893,Various,Hip Hop Basics Vol.2 - 1989-1992 - Golden Years Episode 1,7752893_D3,Just Hangin Out,
4675,7752893,Various,Hip Hop Basics Vol.2 - 1989-1992 - Golden Years Episode 1,7752893_D4,Rump Shaker,
4676,7752893,Various,Hip Hop Basics Vol.2 - 1989-1992 - Golden Years Episode 1,7752893_D5,Blow Your Mind,
4677,7752893,Various,Hip Hop Basics Vol.2 - 1989-1992 - Golden Years Episode 1,7752893_E3,People Everyday,
4678,7752893,Various,Hip Hop Basics Vol.2 - 1989-1992 - Golden Years Episode 1,7752893_E4,The Illest Brother,
4679,7752893,Various,Hip Hop Basics Vol.2 - 1989-1992 - Golden Years Episode 1,7752893_E5,Head Banger,
4680,7752893,Various,Hip Hop Basics Vol.2 - 1989-1992 - Golden Years Episode 1,7752893_E6,Know The Ledge,
4681,7752893,Various,Hip Hop Basics Vol.2 - 1989-1992 - Golden Years Episode 1,7752893_F1,They Reminisce Over You,
4683,7752893,Various,Hip Hop Basics Vol.2 - 1989-1992 - Golden Years Episode 1,7752893_F4,Oochie Coochie,
4685,7769954,Various,Hip Hop Basics Vol.1 - 1979-1988 - Early Years,7769954_A1,King Tim III (Personality Jock),
4686,7769954,Various,Hip Hop Basics Vol.1 - 1979-1988 - Early Years,7769954_A2,The Breaks,
4687,7769954,Various,Hip Hop Basics Vol.1 - 1979-1988 - Early Years,7769954_A4,The Grand Mixer Cuts It Up,
4688,7769954,Various,Hip Hop Basics Vol.1 - 1979-1988 - Early Years,7769954_B2,The Escapades Of Futura 2000,
4689,7769954,Various,Hip Hop Basics Vol.1 - 1979-1988 - Early Years,7769954_B3,The Adventures Of Grandmaster Flash On The Wheels Of Steel,
4690,7769954,Various,Hip Hop Basics Vol.1 - 1979-1988 - Early Years,7769954_C1,Change The Beat,
4691,7769954,Various,Hip Hop Basics Vol.1 - 1979-1988 - Early Years,7769954_C2,The Message,
4692,7769954,Various,Hip Hop Basics Vol.1 - 1979-1988 - Early Years,7769954_D1,Girls,
4693,7769954,Various,Hip Hop Basics Vol.1 - 1979-1988 - Early Years,7769954_D2,I Know You Got Soul,
4694,7769954,Various,Hip Hop Basics Vol.1 - 1979-1988 - Early Years,7769954_D3,We Want Some Pussy,
4695,7769954,Various,Hip Hop Basics Vol.1 - 1979-1988 - Early Years,7769954_D4,The Bridge Is Over,
4696,7769954,Various,Hip Hop Basics Vol.1 - 1979-1988 - Early Years,7769954_D5,Push It,
4697,7769954,Various,Hip Hop Basics Vol.1 - 1979-1988 - Early Years,7769954_D6,Colors,
4698,7769954,Various,Hip Hop Basics Vol.1 - 1979-1988 - Early Years,7769954_E1,Going Way Back,
4700,7769954,Various,Hip Hop Basics Vol.1 - 1979-1988 - Early Years,7769954_E3,Rebel Without A Pause,
4701,7769954,Various,Hip Hop Basics Vol.1 - 1979-1988 - Early Years,7769954_E5,Strictly Business,
4702,7769954,Various,Hip Hop Basics Vol.1 - 1979-1988 - Early Years,7769954_E6,Straight Outta Compton,
4703,7769954,Various,Hip Hop Basics Vol.1 - 1979-1988 - Early Years,7769954_F2,Fuck Tha Police,
4704,7769954,Various,Hip Hop Basics Vol.1 - 1979-1988 - Early Years,7769954_F3,Vapors,
4705,7769954,Various,Hip Hop Basics Vol.1 - 1979-1988 - Early Years,7769954_F5,Straight Out The Jungle,
4730,14007054,Various,Motown Greatest Hits,14007054_A2,Please Mr. Postman,
4745,14007054,Various,Motown Greatest Hits,14007054_D1,Superstition\t,
4749,14007054,Various,Motown Greatest Hits,14007054_D6,I Love Your Smile,
4769,13139409,Svinkels,Juste Fais La !,13139409_A2,Le Volga,
4772,13139409,Svinkels,Juste Fais La !,13139409_B1,Le Métro,
4774,13139409,Svinkels,Juste Fais La !,13139409_B4,Rappel,
4775,16779486,Krass Kepala,4 Way Split,16779486_A1,Fakta Logika Mystika,
4776,16779486,Krass Kepala,4 Way Split,16779486_A2,Smash The System,
4777,16779486,Krass Kepala,4 Way Split,16779486_A3,Stay Free Get Wild,
4778,16779486,Krass Kepala,4 Way Split,16779486_A4,Air Strike,
4779,16779486,Krass Kepala,4 Way Split,16779486_A5,Eyes Of The Law,
4780,16779486,Krass Kepala,4 Way Split,16779486_A6,Blood Soaked Profit,
4781,16779486,Krass Kepala,4 Way Split,16779486_A7,Bomb Them,
4782,16779486,Krass Kepala,4 Way Split,16779486_A8,Patriotic Suicide,
4783,16779486,Krass Kepala,4 Way Split,16779486_B1,Worthless Words,
4784,16779486,Krass Kepala,4 Way Split,16779486_B2,Clowns,
4785,16779486,Krass Kepala,4 Way Split,16779486_B3,Circle Of Mind,
4786,16779486,Krass Kepala,4 Way Split,16779486_B4,Bulwark,
4787,16779486,Krass Kepala,4 Way Split,16779486_B5,Prey-Pay-Obey,
4788,16779486,Krass Kepala,4 Way Split,16779486_B6,The Day The Earth Stands Still,
4797,11094304,Passi,Les Tentations,11094304_A4,Je Zappe Et Je Matte,
4802,11094304,Passi,Les Tentations,11094304_C1,Sur La Sellette,
4805,11094304,Passi,Les Tentations,11094304_C4,Hiphop Crazy,
4910,8129863,Horace Andy,In The Light Dub,8129863_B3, I And I,
4922,8405270,Elvis Presley,Le Retour D'Elvis / His Hand In Mine,8405270_B4,The Girl Next Door (Prise 3),
4930,8405270,Elvis Presley,Le Retour D'Elvis / His Hand In Mine,8405270_D2,Jesus Knows What I Need (Prise 8),
4935,10584263,Various,Wanted Funk,10584263_A1,Yum Yum (Gimme Some),
4936,10584263,Various,Wanted Funk,10584263_A2,For The Love Of Money,
4937,10584263,Various,Wanted Funk,10584263_A4,Brand New Girl (Part 1),
4938,10584263,Various,Wanted Funk,10584263_A5,Alcohol (Part 1),
4939,10584263,Various,Wanted Funk,10584263_A6,Baby Let Me Kiss You,
4940,10584263,Various,Wanted Funk,10584263_B1,I Like Funky Music ,
4941,10584263,Various,Wanted Funk,10584263_B2,Moving Woman ,
4942,10584263,Various,Wanted Funk,10584263_B3,Bump & Hustle Music ,
4943,10584263,Various,Wanted Funk,10584263_B4,Do What Ya Wanna Do,
4945,10584263,Various,Wanted Funk,10584263_B6,Making It Better ,
4946,13011268,Various,Funk All Stars - Classics By The Funk Masters,13011268_A1,Get Up I Feel Like Being A Sex Machine ,
4947,13011268,Various,Funk All Stars - Classics By The Funk Masters,13011268_A2,Think (About It),
4948,13011268,Various,Funk All Stars - Classics By The Funk Masters,13011268_A3,Upside Down,
4949,13011268,Various,Funk All Stars - Classics By The Funk Masters,13011268_A4,Get Down Saturday Night,
4950,13011268,Various,Funk All Stars - Classics By The Funk Masters,13011268_A5,We Got The Funk,
4951,13011268,Various,Funk All Stars - Classics By The Funk Masters,13011268_A6,"You´re The First, The Last, My Everything",
4952,13011268,Various,Funk All Stars - Classics By The Funk Masters,13011268_B1,Superstition,
4954,13011268,Various,Funk All Stars - Classics By The Funk Masters,13011268_B3,I Got My Mind Made Up  (You Can Get It Girl),
4956,13011268,Various,Funk All Stars - Classics By The Funk Masters,13011268_B6,Lady Day And John Coltrane,
4974,14145419,Various,Trip Hop Vibes Vol.1,14145419_A1,This World,
4975,14145419,Various,Trip Hop Vibes Vol.1,14145419_A2,Natural Blues (2006 Remastered Version),
4978,14145419,Various,Trip Hop Vibes Vol.1,14145419_A5,Hell Is Around The Corner ,
4982,14145419,Various,Trip Hop Vibes Vol.1,14145419_B3,Lovely Head,
4983,14145419,Various,Trip Hop Vibes Vol.1,14145419_B4,Lilith,
4984,14145419,Various,Trip Hop Vibes Vol.1,14145419_B5,Weather Storm,
4985,14145419,Various,Trip Hop Vibes Vol.1,14145419_C1,Tempovision (Radio Edit),
4986,14145419,Various,Trip Hop Vibes Vol.1,14145419_C2,Epoca,
4987,14145419,Various,Trip Hop Vibes Vol.1,14145419_C3,Soldissimo (Etienne De Crécy Remix),
4991,14145419,Various,Trip Hop Vibes Vol.1,14145419_D1,Holdin On,
4994,14145419,Various,Trip Hop Vibes Vol.1,14145419_D4,Morning In Japan,
4997,14880407,Various,Reggae Dub (Classics From The Sound System Generation),14880407_A1,Country Gal Dub,
4998,14880407,Various,Reggae Dub (Classics From The Sound System Generation),14880407_A2,Soul Rebel Dub,
4999,14880407,Various,Reggae Dub (Classics From The Sound System Generation),14880407_A3,Under Mi Sleng Ten,
5001,14880407,Various,Reggae Dub (Classics From The Sound System Generation),14880407_A5,Cassava Piece,
5002,14880407,Various,Reggae Dub (Classics From The Sound System Generation),14880407_A6,Skylarking Dub,
5003,14880407,Various,Reggae Dub (Classics From The Sound System Generation),14880407_A7,Satta Amassa Gana Dub,
5004,14880407,Various,Reggae Dub (Classics From The Sound System Generation),14880407_B1,King Tubby Meets Rockers Uptown,
5005,14880407,Various,Reggae Dub (Classics From The Sound System Generation),14880407_B2,Bird in Hand,
5006,14880407,Various,Reggae Dub (Classics From The Sound System Generation),14880407_B3,Wa-Do-Dem,
5007,14880407,Various,Reggae Dub (Classics From The Sound System Generation),14880407_B4,Crashie Sweep,
5008,14880407,Various,Reggae Dub (Classics From The Sound System Generation),14880407_B5,FireHouse Rock,
5009,14880407,Various,Reggae Dub (Classics From The Sound System Generation),14880407_B6,Baby I Love You So,
5010,14880407,Various,Reggae Dub (Classics From The Sound System Generation),14880407_B7,Starlight,
5012,16005522,Various,Trip Hop Vibes Vol.2,16005522_A2,Mustt Mustt,
5013,16005522,Various,Trip Hop Vibes Vol.2,16005522_A3,In The Waiting Line,
5016,16005522,Various,Trip Hop Vibes Vol.2,16005522_B1,Praise You,
5021,16005522,Various,Trip Hop Vibes Vol.2,16005522_C1,Everything In Its Right Place,
5023,16005522,Various,Trip Hop Vibes Vol.2,16005522_C3,Midnight Melodic (Chase The Blues),
5024,16005522,Various,Trip Hop Vibes Vol.2,16005522_C4,You,
5025,16005522,Various,Trip Hop Vibes Vol.2,16005522_C5,When The Night Comes,
5028,16005522,Various,Trip Hop Vibes Vol.2,16005522_D3,Affaires A Faire,
5032,19445113,Various,Trip Hop Vibes Vol.3,19445113_A2,Space Cadet,
5034,19445113,Various,Trip Hop Vibes Vol.3,19445113_A4,Homelands,
5038,19445113,Various,Trip Hop Vibes Vol.3,19445113_B3,The Sour,
5041,19445113,Various,Trip Hop Vibes Vol.3,19445113_C1,La Lune Rousse,
5043,19445113,Various,Trip Hop Vibes Vol.3,19445113_D1,Evolution Revolution Love,
5048,25105513,Various,Technics TECHNO.01,25105513_A1,Wake Up,
5049,25105513,Various,Technics TECHNO.01,25105513_A2,Arquipelago,
5050,25105513,Various,Technics TECHNO.01,25105513_A3,Disco Cubizm (Daft Punk Remix),
5051,25105513,Various,Technics TECHNO.01,25105513_B1,Panta Rei,
5052,25105513,Various,Technics TECHNO.01,25105513_B2,Right On! (Instrumental Version),
5053,25105513,Various,Technics TECHNO.01,25105513_B3,Star 69 (Thomas Gold What The F**k mix),
5054,25105513,Various,Technics TECHNO.01,25105513_C1,Positive Education,
5055,25105513,Various,Technics TECHNO.01,25105513_C2,Track 2,
5056,25105513,Various,Technics TECHNO.01,25105513_C3,Higher State Of Consciousness (Tweekin Acid Funk),
5057,25105513,Various,Technics TECHNO.01,25105513_D1,Rej,
5058,25105513,Various,Technics TECHNO.01,25105513_D2,Mile High Gang,
5059,25105513,Various,Technics TECHNO.01,25105513_D3,Witch Doktor,
5060,25105309,Various,Technics HOUSE.01,25105309_A2,Free (Mood II Swing Extended Vocal Mix),
5061,25105309,Various,Technics HOUSE.01,25105309_A3,Finally,
5062,25105309,Various,Technics HOUSE.01,25105309_B1,Ëvë,
5063,25105309,Various,Technics HOUSE.01,25105309_B3,Jacques Your Body (Make Me Sweat) (Cassius Remix),
5064,25105309,Various,Technics HOUSE.01,25105309_C1,1999 (Remix - Long Version),
5065,25105309,Various,Technics HOUSE.01,25105309_D1,Flat Beat,
5066,25105309,Various,Technics HOUSE.01,25105309_D2,Block Party,
5069,5388484,Various,Musique de la Bande Originale Du Film De Stanley Kubrick - Orange Mecanique,5388484_A1,Title Music From A Clockwork Orange,
5070,5388484,Various,Musique de la Bande Originale Du Film De Stanley Kubrick - Orange Mecanique,5388484_A2,The Thieving Magpie (Abridged),
5071,5388484,Various,Musique de la Bande Originale Du Film De Stanley Kubrick - Orange Mecanique,5388484_A3,Theme From A Clockwork Orange (Beethoviana),
5072,5388484,Various,Musique de la Bande Originale Du Film De Stanley Kubrick - Orange Mecanique,5388484_A4,"Ninth Symphony, Second Movement - Abridged",
5073,5388484,Various,Musique de la Bande Originale Du Film De Stanley Kubrick - Orange Mecanique,5388484_A5,"March From A Clockwork Orange (Ninth Symphony, Fourth Movement - Abridged)",
5074,5388484,Various,Musique de la Bande Originale Du Film De Stanley Kubrick - Orange Mecanique,5388484_A6,William Tell Overture - Abridged,
5076,5388484,Various,Musique de la Bande Originale Du Film De Stanley Kubrick - Orange Mecanique,5388484_B2,Pomp And Circumstance March No. IV - Abridged,
5077,5388484,Various,Musique de la Bande Originale Du Film De Stanley Kubrick - Orange Mecanique,5388484_B3,Timesteps (Excerpt),
5078,5388484,Various,Musique de la Bande Originale Du Film De Stanley Kubrick - Orange Mecanique,5388484_B4,Overture To The Sun,
5079,5388484,Various,Musique de la Bande Originale Du Film De Stanley Kubrick - Orange Mecanique,5388484_B5,I Want To Marry A Lighthouse Keeper,
5080,5388484,Various,Musique de la Bande Originale Du Film De Stanley Kubrick - Orange Mecanique,5388484_B6,William Tell Overture - Abridged,
5081,5388484,Various,Musique de la Bande Originale Du Film De Stanley Kubrick - Orange Mecanique,5388484_B7,"Suicide Scherzo (Ninth Symphony, Second Movement - Abridged)",
5082,5388484,Various,Musique de la Bande Originale Du Film De Stanley Kubrick - Orange Mecanique,5388484_B8,"Ninth Symphony, Fourth Movement - Abridged",
5091,630245,The Hues Corporation,Your Place Or Mine,630245_A1,Get Up Off Your Backsides,
5092,630245,The Hues Corporation,Your Place Or Mine,630245_A2,Love Dance,
5093,630245,The Hues Corporation,Your Place Or Mine,630245_A4,Needed,
5094,630245,The Hues Corporation,Your Place Or Mine,630245_B1,With All My Love And Affection,
5095,630245,The Hues Corporation,Your Place Or Mine,630245_B2,Give Me Everything,
5096,630245,The Hues Corporation,Your Place Or Mine,630245_B3,Love Fire,
5097,1486923,Various,Barry Lyndon (Music From The Soundtrack),1486923_A1,Sarabande Main Title,
5098,1486923,Various,Barry Lyndon (Music From The Soundtrack),1486923_A2,Women Of Ireland,
5099,1486923,Various,Barry Lyndon (Music From The Soundtrack),1486923_A4,The Sea-Maiden,
5100,1486923,Various,Barry Lyndon (Music From The Soundtrack),1486923_A5,Tin Whistles,
5101,1486923,Various,Barry Lyndon (Music From The Soundtrack),1486923_A6,British Grenadiers,
5102,1486923,Various,Barry Lyndon (Music From The Soundtrack),1486923_A7,Hohenfriedberger March,
5103,1486923,Various,Barry Lyndon (Music From The Soundtrack),1486923_A8,Lilliburlero,
5104,1486923,Various,Barry Lyndon (Music From The Soundtrack),1486923_A9,Women Of Ireland,
5105,1486923,Various,Barry Lyndon (Music From The Soundtrack),1486923_A10,March From Idomeneo,
5106,1486923,Various,Barry Lyndon (Music From The Soundtrack),1486923_A11,Sarabande-Duel,
5107,1486923,Various,Barry Lyndon (Music From The Soundtrack),1486923_B1,Lilliburlero,
5108,1486923,Various,Barry Lyndon (Music From The Soundtrack),1486923_B2,German Dance No. 1 In C-Major,
5109,1486923,Various,Barry Lyndon (Music From The Soundtrack),1486923_B3,Sarabande-Duel,
5110,1486923,Various,Barry Lyndon (Music From The Soundtrack),1486923_B4,"Film Adaptation Of The Cavatina From ""Il Barbiere Di Siviglia""",
5111,1486923,Various,Barry Lyndon (Music From The Soundtrack),1486923_B5,Cello Concerto E-Minor,
5112,1486923,Various,Barry Lyndon (Music From The Soundtrack),1486923_B6,Concerto For Two Harpsichords And Orchestra In C-Minor,
5113,1486923,Various,Barry Lyndon (Music From The Soundtrack),1486923_B7,"Film Adaptation Of Piano Trio In E-Flat, Op. 100 (Second Movement)",
5114,1486923,Various,Barry Lyndon (Music From The Soundtrack),1486923_B8,Sarabande End-Title,
5115,14281508,Zoxea,A Mon Tour D'Briller,14281508_A1,Intro,
5120,14281508,Zoxea,A Mon Tour D'Briller,14281508_C2,"Hymne Du Mozoezet (La, La, La, La, La...)",
5152,1040731,Jimmy Cliff,Give The People What They Want,1040731_A1,Son Of Man,
5154,1040731,Jimmy Cliff,Give The People What They Want,1040731_A3,Experience,
5155,1040731,Jimmy Cliff,Give The People What They Want,1040731_A4,Shelter Of Your Love,
5156,1040731,Jimmy Cliff,Give The People What They Want,1040731_A5,Majority Rule,
5157,1040731,Jimmy Cliff,Give The People What They Want,1040731_B2,Material World,
5158,1040731,Jimmy Cliff,Give The People What They Want,1040731_B3,World In Trap,
5159,1040731,Jimmy Cliff,Give The People What They Want,1040731_B4,What Are You Doing With Your Life,
5160,1040731,Jimmy Cliff,Give The People What They Want,1040731_B5,My Philosophy,
5173,10838657,L'Entourloop,Le Savoir Faire,10838657_B3,Push The Limits,
5213,23462786,L'entourLoOp,La Clarté Dans La Confusion,23462786_A3,Rock Me Nice,
5231,1649622,The Prodigy,Experience,1649622_A3,Wind It Up,
5233,1649622,The Prodigy,Experience,1649622_B2,Hyperspeed (G-Force Part 2),
5272,1212169,Noisebuilder,Horserie 01,1212169_A1,Abdul,
5273,1212169,Noisebuilder,Horserie 01,1212169_A2,Big,
5274,1212169,Noisebuilder,Horserie 01,1212169_B1,Untitled,
5275,1328113,Noisebuilder,Horserie 05,1328113_A,Stargate,
5276,1328113,Noisebuilder,Horserie 05,1328113_B1,Spoir,
5277,1328113,Noisebuilder,Horserie 05,1328113_B2,I Can Control,
5278,1352054,Noisebuilder,Horserie 06,1352054_A,Pimalcaz,
5279,1352054,Noisebuilder,Horserie 06,1352054_B1,Chant,
5280,1352054,Noisebuilder,Horserie 06,1352054_B2,Interlude,
5282,24666209,Bob Sinclar,Paradise,24666209_A2,Get Into The Music Performer,
5291,6088540,Broombeck,Brainwash EP,6088540_B1,Space Clash,
5292,6088540,Broombeck,Brainwash EP,6088540_B2,Space Clash (Beatless Version),
5294,6491394,Bob Morane,Spaced Out,6491394_B1,Bail And Bond,
5295,6491394,Bob Morane,Spaced Out,6491394_B2,Atelophobia (Beatless Version),
5310,5984766,Die Antwoord,Donker Mag,5984766_C4,Rat Rap 666,
5326,5984766,Die Antwoord,Donker Mag,5984766_CD-12,Rat Rap 666,
